Category,Subcategory,MCODE,Description,Brand,Origin,Quality_Tier,Aging_Method,Aging_Days,Cut_Type,Fat_Percentage,Processing,Dietary,Pack_Size,Case_Size,Unit,Storage,Halal,Best_Seller,image1,image2,image3,image4,base_price,tier1_min,tier1_price,tier1_discount,tier2_min,tier2_price,tier2_discount,tier3_min,tier3_price,tier3_discount
BEEF,Roasts,M297834,Blackgate 32 day Matured Roasting Beef,Blackgate,,Premium,Matured,32,Roasting Beef,,,Av 4kg,Per Kg,Per Kg,Chill,No,Yes,https://images.unsplash.com/photo-1607623814075-e51df1bdc82f?w=800,https://images.pexels.com/photos/3688/food-dinner-lunch-meal.jpg?w=800,https://images.unsplash.com/photo-1588347818036-af5e5c6f7b57?w=800,https://images.unsplash.com/photo-1529692236671-f1f6cf9683ba?w=800,24.99,5,23.74,5,10,22.49,10,20,21.24,15
BEEF,Roasts,M297842,Blackgate 32 day Matured Corner Cut Topside,Blackgate,,Premium,Matured,32,Corner Cut Topside,,,Av 7kg,Per Kg,Per Kg,Chill,No,No,https://images.unsplash.com/photo-1607623814075-e51df1bdc82f?w=800,https://images.pexels.com/photos/3688/food-dinner-lunch-meal.jpg?w=800,https://images.unsplash.com/photo-1588347818036-af5e5c6f7b57?w=800,https://images.unsplash.com/photo-1529692236671-f1f6cf9683ba?w=800,22.99,5,21.84,5,10,20.69,10,20,19.54,15
BEEF,Roasts,M100091,Australian Whole Topside,,Australian,,,,Whole Topside,,,Av 9kg,Per Kg,Per Kg,Chill,No,No,https://images.unsplash.com/photo-1607623814075-e51df1bdc82f?w=800,https://images.pexels.com/photos/3688/food-dinner-lunch-meal.jpg?w=800,https://images.unsplash.com/photo-1588347818036-af5e5c6f7b57?w=800,https://images.unsplash.com/photo-1529692236671-f1f6cf9683ba?w=800,16.99,5,16.14,5,10,15.29,10,25,14.44,15
BEEF,Roasts,M253598,Ihsaan Halal Topside,Ihsaan,,Standard,,,Topside,,PAD,Halal,Av 8kg,Per Kg,Per Kg,Chill,Yes,No,https://images.unsplash.com/photo-1607623814075-e51df1bdc82f?w=800,https://images.pexels.com/photos/3688/food-dinner-lunch-meal.jpg?w=800,https://images.unsplash.com/photo-1588347818036-af5e5c6f7b57?w=800,https://images.unsplash.com/photo-1529692236671-f1f6cf9683ba?w=800,18.49,5,17.57,5,10,16.64,10,20,15.72,15
BEEF,Roasts,M254909,Ihsaan Halal PAD Topside,Ihsaan,,Standard,,,PAD Topside,,,Halal,Av 4kg,Per Kg,Per Kg,Chill,Yes,No,https://images.unsplash.com/photo-1607623814075-e51df1bdc82f?w=800,https://images.pexels.com/photos/3688/food-dinner-lunch-meal.jpg?w=800,https://images.unsplash.com/photo-1588347818036-af5e5c6f7b57?w=800,https://images.unsplash.com/photo-1529692236671-f1f6cf9683ba?w=800,17.99,5,17.09,5,10,16.19,10,20,15.29,15
BEEF,Roasts,M134208,Chef's Essentials PAD Topside,Chef's Essentials,,Standard,,,PAD Topside,,,Av 7kg,Per Kg,Per Kg,Chill,No,No,https://images.unsplash.com/photo-1607623814075-e51df1bdc82f?w=800,https://images.pexels.com/photos/3688/food-dinner-lunch-meal.jpg?w=800,https://images.unsplash.com/photo-1588347818036-af5e5c6f7b57?w=800,https://images.unsplash.com/photo-1529692236671-f1f6cf9683ba?w=800,15.99,5,15.19,5,10,14.39,10,25,13.59,15
BEEF,Roasts,M254827,Ihsaan Halal Silverside,Ihsaan,,Standard,,,Silverside,,,Halal,Av 3kg,Per Kg,Per Kg,Chill,Yes,No,https://images.unsplash.com/photo-1607623814075-e51df1bdc82f?w=800,https://images.pexels.com/photos/3688/food-dinner-lunch-meal.jpg?w=800,https://images.unsplash.com/photo-1588347818036-af5e5c6f7b57?w=800,https://images.unsplash.com/photo-1529692236671-f1f6cf9683ba?w=800,17.49,5,16.62,5,10,15.74,10,20,14.87,15
BEEF,Roasts,M092501,Whole Silverside Select,,,,,,Whole Silverside,,,Av 12kg,Per Kg,Per Kg,Chill,Yes,No,https://images.unsplash.com/photo-1607623814075-e51df1bdc82f?w=800,https://images.pexels.com/photos/3688/food-dinner-lunch-meal.jpg?w=800,https://images.unsplash.com/photo-1588347818036-af5e5c6f7b57?w=800,https://images.unsplash.com/photo-1529692236671-f1f6cf9683ba?w=800,14.99,10,14.24,5,20,13.49,10,30,12.74,15
BEEF,Roasts,M254828,Ihsaan Halal Silverside Flat,Ihsaan,,Standard,,,Silverside Flat,,,Halal,Av 3kg,Per Kg,Per Kg,Chill,Yes,No,https://images.unsplash.com/photo-1607623814075-e51df1bdc82f?w=800,https://images.pexels.com/photos/3688/food-dinner-lunch-meal.jpg?w=800,https://images.unsplash.com/photo-1588347818036-af5e5c6f7b57?w=800,https://images.unsplash.com/photo-1529692236671-f1f6cf9683ba?w=800,17.29,5,16.43,5,10,15.56,10,20,14.70,15
BEEF,Roasts,M100051,Australian Silverside Flat,,Australian,,,,Silverside Flat,,,Av 9kg,Per Kg,Per Kg,Chill,No,No,https://images.unsplash.com/photo-1607623814075-e51df1bdc82f?w=800,https://images.pexels.com/photos/3688/food-dinner-lunch-meal.jpg?w=800,https://images.unsplash.com/photo-1588347818036-af5e5c6f7b57?w=800,https://images.unsplash.com/photo-1529692236671-f1f6cf9683ba?w=800,15.99,5,15.19,5,10,14.39,10,25,13.59,15
BEEF,Roasts,M957308,Beef Silverside Salmon Cut,,,,,Salmon Cut,Silverside,,,Av 3kg,Per Kg,Per Kg,Chill,No,No,https://images.unsplash.com/photo-1607623814075-e51df1bdc82f?w=800,https://images.pexels.com/photos/3688/food-dinner-lunch-meal.jpg?w=800,https://images.unsplash.com/photo-1588347818036-af5e5c6f7b57?w=800,https://images.unsplash.com/photo-1529692236671-f1f6cf9683ba?w=800,16.49,5,15.67,5,10,14.84,10,20,14.02,15
BEEF,Roasts,M954842,Chef's Larder Half Rolled Brisket,Chef's Larder,,Standard,,,Half Rolled Brisket,,Rolled,,Av 2kg,Per Kg,Per Kg,Chill,No,No,https://images.unsplash.com/photo-1544025162-d76694265947?w=800,https://images.pexels.com/photos/1639562/pexels-photo-1639562.jpeg?w=800,https://images.unsplash.com/photo-1595777216528-071e0127ccf4?w=800,https://images.unsplash.com/photo-1529692236671-f1f6cf9683ba?w=800,14.99,5,14.24,5,10,13.49,10,20,12.74,15
BEEF,Roasts,M200653,Chef's Larder Flat Brisket,Chef's Larder,,Standard,,,Flat Brisket,,,Av 5kg,Per Kg,Per Kg,Chill,No,No,https://images.unsplash.com/photo-1544025162-d76694265947?w=800,https://images.pexels.com/photos/1639562/pexels-photo-1639562.jpeg?w=800,https://images.unsplash.com/photo-1595777216528-071e0127ccf4?w=800,https://images.unsplash.com/photo-1529692236671-f1f6cf9683ba?w=800,13.99,5,13.29,5,10,12.59,10,25,11.89,15
BEEF,Roasts,M275899,Australian Brisket,,Australian,,,,Brisket,,,Av 3kg,Per Kg,Per Kg,Chill,No,No,https://images.unsplash.com/photo-1544025162-d76694265947?w=800,https://images.pexels.com/photos/1639562/pexels-photo-1639562.jpeg?w=800,https://images.unsplash.com/photo-1595777216528-071e0127ccf4?w=800,https://images.unsplash.com/photo-1529692236671-f1f6cf9683ba?w=800,14.49,5,13.77,5,10,13.04,10,20,12.32,15
BEEF,Roasts,M246552,Heavily Fatted Flat Brisket,,,,,,,Flat Brisket,Heavy Fat,,Av 6kg,Per Kg,Per Kg,Chill,No,No,https://images.unsplash.com/photo-1544025162-d76694265947?w=800,https://images.pexels.com/photos/1639562/pexels-photo-1639562.jpeg?w=800,https://images.unsplash.com/photo-1595777216528-071e0127ccf4?w=800,https://images.unsplash.com/photo-1529692236671-f1f6cf9683ba?w=800,12.99,10,12.34,5,20,11.69,10,30,11.04,15
BEEF,Roasts,M268186,Ihsaan Halal Flat Brisket,Ihsaan,,Standard,,,Flat Brisket,,,Halal,Av 2kg,Per Kg,Per Kg,Chill,Yes,No,https://images.unsplash.com/photo-1544025162-d76694265947?w=800,https://images.pexels.com/photos/1639562/pexels-photo-1639562.jpeg?w=800,https://images.unsplash.com/photo-1595777216528-071e0127ccf4?w=800,https://images.unsplash.com/photo-1529692236671-f1f6cf9683ba?w=800,15.99,5,15.19,5,10,14.39,10,20,13.59,15
BEEF,Roasts,M291433,Point End Brisket,,,,,,,Point End Brisket,,,Av 5kg,Per Kg,Per Kg,Frozen,Yes,No,https://images.unsplash.com/photo-1544025162-d76694265947?w=800,https://images.pexels.com/photos/1639562/pexels-photo-1639562.jpeg?w=800,https://images.unsplash.com/photo-1595777216528-071e0127ccf4?w=800,https://images.unsplash.com/photo-1529692236671-f1f6cf9683ba?w=800,13.49,5,12.82,5,15,12.14,10,30,11.47,15
BEEF,Roasts,M116771,5 Bone Rib,,,,,,5 Bone Rib,,Bone In,,Av 8kg,Per Kg,Per Kg,Chill,No,No,https://images.unsplash.com/photo-1607623814075-e51df1bdc82f?w=800,https://images.pexels.com/photos/3688/food-dinner-lunch-meal.jpg?w=800,https://images.unsplash.com/photo-1588347818036-af5e5c6f7b57?w=800,https://images.unsplash.com/photo-1529692236671-f1f6cf9683ba?w=800,19.99,5,18.99,5,10,17.99,10,20,16.99,15
BEEF,Roasts,M253588,Ihsaan Halal Forerib,Ihsaan,,Standard,,,Forerib,,,Halal,Av 8kg,Per Kg,Per Kg,Chill,Yes,No,https://images.unsplash.com/photo-1607623814075-e51df1bdc82f?w=800,https://images.pexels.com/photos/3688/food-dinner-lunch-meal.jpg?w=800,https://images.unsplash.com/photo-1588347818036-af5e5c6f7b57?w=800,https://images.unsplash.com/photo-1529692236671-f1f6cf9683ba?w=800,20.99,5,19.94,5,10,18.89,10,20,17.84,15
BEEF,Roasts,M281806,Rolled Sirloin,,,,,,,Sirloin,,Rolled,,Av 2kg,Per Kg,Per Kg,Chill,No,No,https://images.unsplash.com/photo-1599365151156-c4617ab88f46?w=800,https://images.unsplash.com/photo-1558030006-450675393462?w=800,https://images.pexels.com/photos/1268549/pexels-photo-1268549.jpeg?w=800,https://images.unsplash.com/photo-1606851846180-d75b56108ab4?w=800,26.99,5,25.64,5,10,24.29,10,20,22.94,15
BEEF,Roasts,M253594,Ihsaan Halal Knuckle,Ihsaan,,Standard,,,Knuckle,,,Halal,Av 5kg,Per Kg,Per Kg,Chill,Yes,No,https://images.unsplash.com/photo-1607623814075-e51df1bdc82f?w=800,https://images.pexels.com/photos/3688/food-dinner-lunch-meal.jpg?w=800,https://images.unsplash.com/photo-1588347818036-af5e5c6f7b57?w=800,https://images.unsplash.com/photo-1529692236671-f1f6cf9683ba?w=800,16.99,5,16.14,5,10,15.29,10,25,14.44,15
BEEF,Steaks,M291085,Blackgate Dry Aged 14 days Fillet Steak,Blackgate,,Premium,Dry Aged,14,Fillet Steak,,,720g,4,Per Pack,Chill,No,No,https://images.unsplash.com/photo-1603073163308-9b4e6ad4f81b?w=800,https://images.unsplash.com/photo-1544025162-d76694265947?w=800,https://images.pexels.com/photos/769289/pexels-photo-769289.jpeg?w=800,https://images.unsplash.com/photo-1588168333986-5078d3ae3976?w=800,52.99,3,50.34,5,6,47.69,10,10,45.04,15
BEEF,Steaks,M297839,Blackgate 32 day Matured chain off Fillet 2kg+,Blackgate,,Premium,Matured,32,Fillet,,Chain Off,,Av 2kg,Per Kg,Per Kg,Chill,No,No,https://images.unsplash.com/photo-1603073163308-9b4e6ad4f81b?w=800,https://images.unsplash.com/photo-1544025162-d76694265947?w=800,https://images.pexels.com/photos/769289/pexels-photo-769289.jpeg?w=800,https://images.unsplash.com/photo-1588168333986-5078d3ae3976?w=800,49.99,3,47.49,5,6,44.99,10,10,42.49,15
BEEF,Steaks,M297837,Blackgate 32 day Matured chain off Fillet 3-4kg,Blackgate,,Premium,Matured,32,Fillet,,Chain Off,,Av 3kg,Per Kg,Per Kg,Chill,No,No,https://images.unsplash.com/photo-1603073163308-9b4e6ad4f81b?w=800,https://images.unsplash.com/photo-1544025162-d76694265947?w=800,https://images.pexels.com/photos/769289/pexels-photo-769289.jpeg?w=800,https://images.unsplash.com/photo-1588168333986-5078d3ae3976?w=800,48.99,3,46.54,5,6,44.09,10,10,41.64,15
BEEF,Steaks,M255337,Kettyle Dry Aged Fillet 1.6-3.2kg,Kettyle,,Premium,Dry Aged,,Fillet,,,Av 2kg,Per Kg,Per Kg,Chill,No,No,https://images.unsplash.com/photo-1603073163308-9b4e6ad4f81b?w=800,https://images.unsplash.com/photo-1544025162-d76694265947?w=800,https://images.pexels.com/photos/769289/pexels-photo-769289.jpeg?w=800,https://images.unsplash.com/photo-1588168333986-5078d3ae3976?w=800,46.99,3,44.64,5,6,42.29,10,10,39.94,15
BEEF,Steaks,M099981,Australian Fillet,,Australian,,,,Fillet,,,Av 3kg,Per Kg,Per Kg,Chill,No,No,https://images.unsplash.com/photo-1603073163308-9b4e6ad4f81b?w=800,https://images.unsplash.com/photo-1544025162-d76694265947?w=800,https://images.pexels.com/photos/769289/pexels-photo-769289.jpeg?w=800,https://images.unsplash.com/photo-1588168333986-5078d3ae3976?w=800,36.99,5,35.14,5,10,33.29,10,20,31.44,15
BEEF,Steaks,M254913,Ihsaan Halal Fillet 2kg,Ihsaan,,Standard,,,Fillet,,,Halal,Av 2kg,Per Kg,Per Kg,Chill,Yes,No,https://images.unsplash.com/photo-1603073163308-9b4e6ad4f81b?w=800,https://images.unsplash.com/photo-1544025162-d76694265947?w=800,https://images.pexels.com/photos/769289/pexels-photo-769289.jpeg?w=800,https://images.unsplash.com/photo-1588168333986-5078d3ae3976?w=800,39.99,5,37.99,5,10,35.99,10,20,33.99,15
BEEF,Steaks,M253572,Ihsaan Halal chain off Fillet 2.2-3kg,Ihsaan,,Standard,,,Fillet,,Chain Off,Halal,Av 3kg,Per Kg,Per Kg,Chill,Yes,No,https://images.unsplash.com/photo-1603073163308-9b4e6ad4f81b?w=800,https://images.unsplash.com/photo-1544025162-d76694265947?w=800,https://images.pexels.com/photos/769289/pexels-photo-769289.jpeg?w=800,https://images.unsplash.com/photo-1588168333986-5078d3ae3976?w=800,38.99,5,37.04,5,10,35.09,10,20,33.14,15
BEEF,Steaks,M419333,Uruguayan Angus Fillet 1.5kg,,Uruguayan,Premium,,,Fillet,,,Av 1.5kg,Per Kg,Per Kg,Chill,No,No,https://images.unsplash.com/photo-1603073163308-9b4e6ad4f81b?w=800,https://images.unsplash.com/photo-1544025162-d76694265947?w=800,https://images.pexels.com/photos/769289/pexels-photo-769289.jpeg?w=800,https://images.unsplash.com/photo-1588168333986-5078d3ae3976?w=800,42.99,5,40.84,5,10,38.69,10,20,36.54,15
BEEF,Steaks,M235263,Uruguayan Angus Fillet 1.8kg,,Uruguayan,Premium,,,Fillet,,,Av 1.8kg,Per Kg,Per Kg,Chill,No,No,https://images.unsplash.com/photo-1603073163308-9b4e6ad4f81b?w=800,https://images.unsplash.com/photo-1544025162-d76694265947?w=800,https://images.pexels.com/photos/769289/pexels-photo-769289.jpeg?w=800,https://images.unsplash.com/photo-1588168333986-5078d3ae3976?w=800,41.99,5,39.89,5,10,37.79,10,20,35.69,15
BEEF,Steaks,M089056,Chef's Essentials Fillets Chain Off 1.8kg+,Chef's Essentials,,Standard,,,Fillet,,Chain Off,,Av 2kg,Per Kg,Per Kg,Chill,No,No,https://images.unsplash.com/photo-1603073163308-9b4e6ad4f81b?w=800,https://images.unsplash.com/photo-1544025162-d76694265947?w=800,https://images.pexels.com/photos/769289/pexels-photo-769289.jpeg?w=800,https://images.unsplash.com/photo-1588168333986-5078d3ae3976?w=800,34.99,5,33.24,5,10,31.49,10,25,29.74,15
BEEF,Steaks,M587580,Chain off Fillet 1.4-1.8kg,,,,,,,Fillet,,Chain Off,,Av 1.6kg,Per Kg,Per Kg,Frozen,Yes,No,https://images.unsplash.com/photo-1603073163308-9b4e6ad4f81b?w=800,https://images.unsplash.com/photo-1544025162-d76694265947?w=800,https://images.pexels.com/photos/769289/pexels-photo-769289.jpeg?w=800,https://images.unsplash.com/photo-1588168333986-5078d3ae3976?w=800,32.99,5,31.34,5,15,29.69,10,30,28.04,15
BEEF,Steaks,M163729,Diviande Fillet Steak,Diviande,,Standard,,,Fillet Steak,,,6x170g,10,Per Pack,Frozen,No,No,https://images.unsplash.com/photo-1603073163308-9b4e6ad4f81b?w=800,https://images.unsplash.com/photo-1544025162-d76694265947?w=800,https://images.pexels.com/photos/769289/pexels-photo-769289.jpeg?w=800,https://images.unsplash.com/photo-1588168333986-5078d3ae3976?w=800,29.99,5,28.49,5,15,26.99,10,30,25.49,15
BEEF,Steaks,M297843,Blackgate Dry Aged 32 days Ribeye Steak,Blackgate,,Premium,Dry Aged,32,Ribeye Steak,,,880g,4,Per Pack,Chill,No,No,https://images.unsplash.com/photo-1600891964092-4316c288032e?w=800,https://images.unsplash.com/photo-1603360946369-dc9bb6258143?w=800,https://images.pexels.com/photos/1309644/pexels-photo-1309644.jpeg?w=800,https://images.unsplash.com/photo-1615937691194-97dbd3f3dc29?w=800,38.99,3,37.04,5,6,35.09,10,10,33.14,15
BEEF,Steaks,M255336,Kettyle Dry Aged Ribeye 1.2-1.8kg,Kettyle,,Premium,Dry Aged,,Ribeye,,,Av 2kg,Per Kg,Per Kg,Chill,No,No,https://images.unsplash.com/photo-1600891964092-4316c288032e?w=800,https://images.unsplash.com/photo-1603360946369-dc9bb6258143?w=800,https://images.pexels.com/photos/1309644/pexels-photo-1309644.jpeg?w=800,https://images.unsplash.com/photo-1615937691194-97dbd3f3dc29?w=800,34.99,5,33.24,5,10,31.49,10,20,29.74,15
BEEF,Steaks,M100041,Australian Ribeye,,Australian,,,,Ribeye,,,Av 3kg,Per Kg,Per Kg,Chill,No,No,https://images.unsplash.com/photo-1600891964092-4316c288032e?w=800,https://images.unsplash.com/photo-1603360946369-dc9bb6258143?w=800,https://images.pexels.com/photos/1309644/pexels-photo-1309644.jpeg?w=800,https://images.unsplash.com/photo-1615937691194-97dbd3f3dc29?w=800,26.99,5,25.64,5,10,24.29,10,20,22.94,15
BEEF,Steaks,M253574,Ihsaan Halal Ribeye 2kg+,Ihsaan,,Standard,,,Ribeye,,,Halal,Av 5kg,Per Kg,Per Kg,Chill,Yes,No,https://images.unsplash.com/photo-1600891964092-4316c288032e?w=800,https://images.unsplash.com/photo-1603360946369-dc9bb6258143?w=800,https://images.pexels.com/photos/1309644/pexels-photo-1309644.jpeg?w=800,https://images.unsplash.com/photo-1615937691194-97dbd3f3dc29?w=800,28.99,5,27.54,5,10,26.09,10,25,24.64,15
BEEF,Steaks,M254994,Ihsaan Halal Ribeye 3kg+,Ihsaan,,Standard,,,Ribeye,,,Halal,Av 3kg,Per Kg,Per Kg,Chill,Yes,No,https://images.unsplash.com/photo-1600891964092-4316c288032e?w=800,https://images.unsplash.com/photo-1603360946369-dc9bb6258143?w=800,https://images.pexels.com/photos/1309644/pexels-photo-1309644.jpeg?w=800,https://images.unsplash.com/photo-1615937691194-97dbd3f3dc29?w=800,27.99,5,26.59,5,10,25.19,10,20,23.79,15
BEEF,Steaks,M235268,Uruguayan Angus Ribeye,,Uruguayan,Premium,,,Ribeye,,,Av 3kg,Per Kg,Per Kg,Chill,No,No,https://images.unsplash.com/photo-1600891964092-4316c288032e?w=800,https://images.unsplash.com/photo-1603360946369-dc9bb6258143?w=800,https://images.pexels.com/photos/1309644/pexels-photo-1309644.jpeg?w=800,https://images.unsplash.com/photo-1615937691194-97dbd3f3dc29?w=800,32.99,5,31.34,5,10,29.69,10,20,28.04,15
BEEF,Steaks,M089142,Chef's Essentials Ribeye,Chef's Essentials,,Standard,,,Ribeye,,,Av 3kg,Per Kg,Per Kg,Chill,No,No,https://images.unsplash.com/photo-1600891964092-4316c288032e?w=800,https://images.unsplash.com/photo-1603360946369-dc9bb6258143?w=800,https://images.pexels.com/photos/1309644/pexels-photo-1309644.jpeg?w=800,https://images.unsplash.com/photo-1615937691194-97dbd3f3dc29?w=800,24.99,5,23.74,5,10,22.49,10,25,21.24,15
BEEF,Steaks,M052777,Ribeye,,,,,,,Ribeye,,,Av 4kg,Per Kg,Per Kg,Frozen,Yes,No,https://images.unsplash.com/photo-1600891964092-4316c288032e?w=800,https://images.unsplash.com/photo-1603360946369-dc9bb6258143?w=800,https://images.pexels.com/photos/1309644/pexels-photo-1309644.jpeg?w=800,https://images.unsplash.com/photo-1615937691194-97dbd3f3dc29?w=800,22.99,5,21.84,5,15,20.69,10,30,19.54,15
BEEF,Steaks,M291089,Blackgate Dry Aged 28 days Sirloin Steak,Blackgate,,Premium,Dry Aged,28,Sirloin Steak,,,880g,4,Per Pack,Chill,No,No,https://images.unsplash.com/photo-1599365151156-c4617ab88f46?w=800,https://images.unsplash.com/photo-1558030006-450675393462?w=800,https://images.pexels.com/photos/1268549/pexels-photo-1268549.jpeg?w=800,https://images.unsplash.com/photo-1606851846180-d75b56108ab4?w=800,34.99,3,33.24,5,6,31.49,10,10,29.74,15
BEEF,Steaks,M292689,Blackgate on the bone Sirloin Club Steak,Blackgate,,Premium,,,Sirloin Club Steak,,Bone In,,Av 575g,Per Kg,Per Pack,Chill,No,No,https://images.unsplash.com/photo-1599365151156-c4617ab88f46?w=800,https://images.unsplash.com/photo-1558030006-450675393462?w=800,https://images.pexels.com/photos/1268549/pexels-photo-1268549.jpeg?w=800,https://images.unsplash.com/photo-1606851846180-d75b56108ab4?w=800,32.99,3,31.34,5,6,29.69,10,10,28.04,15
BEEF,Steaks,M297836,Blackgate 32 day Matured Half Striploin 2.5-3.5kg,Blackgate,,Premium,Matured,32,Half Striploin,,,Av 3kg,Per Kg,Per Kg,Chill,No,No,https://images.unsplash.com/photo-1599365151156-c4617ab88f46?w=800,https://images.unsplash.com/photo-1558030006-450675393462?w=800,https://images.pexels.com/photos/1268549/pexels-photo-1268549.jpeg?w=800,https://images.unsplash.com/photo-1606851846180-d75b56108ab4?w=800,28.99,5,27.54,5,10,26.09,10,20,24.64,15
BEEF,Steaks,M297835,Blackgate 32 day Matured Half Striploin 3.5-4.5kg,Blackgate,,Premium,Matured,32,Half Striploin,,,Av 4kg,Per Kg,Per Kg,Chill,No,No,https://images.unsplash.com/photo-1599365151156-c4617ab88f46?w=800,https://images.unsplash.com/photo-1558030006-450675393462?w=800,https://images.pexels.com/photos/1268549/pexels-photo-1268549.jpeg?w=800,https://images.unsplash.com/photo-1606851846180-d75b56108ab4?w=800,27.99,5,26.59,5,10,25.19,10,20,23.79,15
BEEF,Steaks,M255338,Kettyle Dry Aged Half Striploin 3x1-2.5kg,Kettyle,,Premium,Dry Aged,,Half Striploin,,,Av 2kg,Per Kg,Per Kg,Chill,No,No,https://images.unsplash.com/photo-1599365151156-c4617ab88f46?w=800,https://images.unsplash.com/photo-1558030006-450675393462?w=800,https://images.pexels.com/photos/1268549/pexels-photo-1268549.jpeg?w=800,https://images.unsplash.com/photo-1606851846180-d75b56108ab4?w=800,29.99,5,28.49,5,10,26.99,10,20,25.49,15
BEEF,Steaks,M100001,Australian Striploin,,Australian,,,,Striploin,,,Av 6kg,Per Kg,Per Kg,Chill,No,No,https://images.unsplash.com/photo-1599365151156-c4617ab88f46?w=800,https://images.unsplash.com/photo-1558030006-450675393462?w=800,https://images.pexels.com/photos/1268549/pexels-photo-1268549.jpeg?w=800,https://images.unsplash.com/photo-1606851846180-d75b56108ab4?w=800,22.99,5,21.84,5,10,20.69,10,25,19.54,15
BEEF,Steaks,M651612,Striploins 5kg+,,,,,,,Striploin,,,Av 5kg,Per Kg,Per Kg,Frozen,Yes,No,https://images.unsplash.com/photo-1607623814075-e51df1bdc82f?w=800,https://images.pexels.com/photos/3688/food-dinner-lunch-meal.jpg?w=800,https://images.unsplash.com/photo-1588347818036-af5e5c6f7b57?w=800,https://images.unsplash.com/photo-1529692236671-f1f6cf9683ba?w=800,20.99,5,19.94,5,15,18.89,10,30,17.84,15
BEEF,Steaks,M253585,Ihsaan Halal Striploin 6kg+,Ihsaan,,Standard,,,Striploin,,,Halal,Av 6kg,Per Kg,Per Kg,Chill,Yes,No,https://images.unsplash.com/photo-1599365151156-c4617ab88f46?w=800,https://images.unsplash.com/photo-1558030006-450675393462?w=800,https://images.pexels.com/photos/1268549/pexels-photo-1268549.jpeg?w=800,https://images.unsplash.com/photo-1606851846180-d75b56108ab4?w=800,24.99,5,23.74,5,10,22.49,10,25,21.24,15
BEEF,Steaks,M253595,Ihsaan Halal Bone in Sirloin,Ihsaan,,Standard,,,Sirloin,,Bone In,Halal,Av12kg,Per Kg,Per Kg,Chill,Yes,No,https://images.unsplash.com/photo-1599365151156-c4617ab88f46?w=800,https://images.unsplash.com/photo-1558030006-450675393462?w=800,https://images.pexels.com/photos/1268549/pexels-photo-1268549.jpeg?w=800,https://images.unsplash.com/photo-1606851846180-d75b56108ab4?w=800,23.99,10,22.79,5,20,21.59,10,30,20.39,15
BEEF,Steaks,M957647,Bone in British Sirloins 9-12kg,,British,,,,Sirloin,,Bone In,,Av 10kg,Per Kg,Per Kg,Chill,No,No,https://images.unsplash.com/photo-1599365151156-c4617ab88f46?w=800,https://images.unsplash.com/photo-1558030006-450675393462?w=800,https://images.pexels.com/photos/1268549/pexels-photo-1268549.jpeg?w=800,https://images.unsplash.com/photo-1606851846180-d75b56108ab4?w=800,25.99,10,24.69,5,20,23.39,10,30,22.09,15
BEEF,Steaks,M235265,Uruguayan Angus Striploin 4kg,,Uruguayan,Premium,,,Striploin,,,Av 4kg,Per Kg,Per Kg,Chill,No,No,https://images.unsplash.com/photo-1599365151156-c4617ab88f46?w=800,https://images.unsplash.com/photo-1558030006-450675393462?w=800,https://images.pexels.com/photos/1268549/pexels-photo-1268549.jpeg?w=800,https://images.unsplash.com/photo-1606851846180-d75b56108ab4?w=800,27.99,5,26.59,5,10,25.19,10,20,23.79,15
BEEF,Steaks,M089057,Chef's Essentials Half Striploin 5-7kg,Chef's Essentials,,Standard,,,Half Striploin,,,Av 6kg,Per Kg,Per Kg,Chill,No,No,https://images.unsplash.com/photo-1599365151156-c4617ab88f46?w=800,https://images.unsplash.com/photo-1558030006-450675393462?w=800,https://images.pexels.com/photos/1268549/pexels-photo-1268549.jpeg?w=800,https://images.unsplash.com/photo-1606851846180-d75b56108ab4?w=800,21.99,5,20.89,5,10,19.79,10,25,18.69,15
BEEF,Steaks,M163727,Diviande Sirloin Steak,Diviande,,Standard,,,Sirloin Steak,,,6x170g,10,Per Pack,Frozen,No,No,https://images.unsplash.com/photo-1599365151156-c4617ab88f46?w=800,https://images.unsplash.com/photo-1558030006-450675393462?w=800,https://images.pexels.com/photos/1268549/pexels-photo-1268549.jpeg?w=800,https://images.unsplash.com/photo-1606851846180-d75b56108ab4?w=800,24.99,5,23.74,5,15,22.49,10,30,21.24,15
BEEF,Steaks,M291086,Blackgate Dry Aged 21 days Rump Steak,Blackgate,,Premium,Dry Aged,21,Rump Steak,,,720g,4,Per Pack,Chill,No,No,https://images.unsplash.com/photo-1588168334932-89b5fd8a76d0?w=800,https://images.pexels.com/photos/675951/pexels-photo-675951.jpeg?w=800,https://images.unsplash.com/photo-1607623488235-8afeb9e8d67b?w=800,https://images.unsplash.com/photo-1546964053-d018e345e490?w=800,26.99,3,25.64,5,6,24.29,10,10,22.94,15
BEEF,Steaks,M297841,Blackgate 32 day Matured Rump,Blackgate,,Premium,Matured,32,Rump,,,Av 5kg,Per Kg,Per Kg,Chill,No,No,https://images.unsplash.com/photo-1588168334932-89b5fd8a76d0?w=800,https://images.pexels.com/photos/675951/pexels-photo-675951.jpeg?w=800,https://images.unsplash.com/photo-1607623488235-8afeb9e8d67b?w=800,https://images.unsplash.com/photo-1546964053-d018e345e490?w=800,24.99,5,23.74,5,10,22.49,10,20,21.24,15
BEEF,Steaks,M100031,Australian Rump,,Australian,,,,Rump,,,Av 4kg,Per Kg,Per Kg,Chill,No,No,https://images.unsplash.com/photo-1588168334932-89b5fd8a76d0?w=800,https://images.pexels.com/photos/675951/pexels-photo-675951.jpeg?w=800,https://images.unsplash.com/photo-1607623488235-8afeb9e8d67b?w=800,https://images.unsplash.com/photo-1546964053-d018e345e490?w=800,18.99,5,18.04,5,10,17.09,10,20,16.14,15
BEEF,Steaks,M255001,Ihsaan Halal Rump,Ihsaan,,Standard,,,Rump,,,Halal,Av 3kg,Per Kg,Per Kg,Chill,Yes,No,https://images.unsplash.com/photo-1588168334932-89b5fd8a76d0?w=800,https://images.pexels.com/photos/675951/pexels-photo-675951.jpeg?w=800,https://images.unsplash.com/photo-1607623488235-8afeb9e8d67b?w=800,https://images.unsplash.com/photo-1546964053-d018e345e490?w=800,20.99,5,19.94,5,10,18.89,10,20,17.84,15
BEEF,Steaks,M183902,Chef's Larder Rump Hearts,Chef's Larder,,Standard,,,Rump Hearts,,,Av 3kg,Per Kg,Per Kg,Chill,No,No,https://images.unsplash.com/photo-1588168334932-89b5fd8a76d0?w=800,https://images.pexels.com/photos/675951/pexels-photo-675951.jpeg?w=800,https://images.unsplash.com/photo-1607623488235-8afeb9e8d67b?w=800,https://images.unsplash.com/photo-1546964053-d018e345e490?w=800,17.99,5,17.09,5,10,16.19,10,25,15.29,15
BEEF,Steaks,M235248,Uruguayan Angus Rump,,Uruguayan,Premium,,,Rump,,,Av 4kg,Per Kg,Per Kg,Chill,No,No,https://images.unsplash.com/photo-1588168334932-89b5fd8a76d0?w=800,https://images.pexels.com/photos/675951/pexels-photo-675951.jpeg?w=800,https://images.unsplash.com/photo-1607623488235-8afeb9e8d67b?w=800,https://images.unsplash.com/photo-1546964053-d018e345e490?w=800,22.99,5,21.84,5,10,20.69,10,20,19.54,15
BEEF,Steaks,M089143,Chef's Essentials Whole Rumps 3.5-7k,Chef's Essentials,,Standard,,,Whole Rump,,,Av 5kg,Per Kg,Per Kg,Chill,No,No,https://images.unsplash.com/photo-1588168334932-89b5fd8a76d0?w=800,https://images.pexels.com/photos/675951/pexels-photo-675951.jpeg?w=800,https://images.unsplash.com/photo-1607623488235-8afeb9e8d67b?w=800,https://images.unsplash.com/photo-1546964053-d018e345e490?w=800,16.99,5,16.14,5,10,15.29,10,25,14.44,15
BEEF,Steaks,M163722,Divianade Rump Steak,Divianade,,Standard,,,Rump Steak,,,6x200g,10,Per Pack,Frozen,No,No,https://images.unsplash.com/photo-1588168334932-89b5fd8a76d0?w=800,https://images.pexels.com/photos/675951/pexels-photo-675951.jpeg?w=800,https://images.unsplash.com/photo-1607623488235-8afeb9e8d67b?w=800,https://images.unsplash.com/photo-1546964053-d018e345e490?w=800,19.99,5,18.99,5,15,17.99,10,30,16.99,15
BEEF,Steaks,M090081,Picanha (Rump Cap),,,,,,,Picanha,,,Av 1kg,Per Kg,Per Kg,Chill,No,No,https://images.unsplash.com/photo-1588168334932-89b5fd8a76d0?w=800,https://images.pexels.com/photos/675951/pexels-photo-675951.jpeg?w=800,https://images.unsplash.com/photo-1607623488235-8afeb9e8d67b?w=800,https://images.unsplash.com/photo-1546964053-d018e345e490?w=800,19.99,5,18.99,5,10,17.99,10,20,16.99,15
BEEF,Steaks,M257688,Ihsaan Halal Picanha (Rump cap),Ihsaan,,Standard,,,Picanha,,,Halal,Av 2kg,Per Kg,Per Kg,Chill,Yes,No,https://images.unsplash.com/photo-1588168334932-89b5fd8a76d0?w=800,https://images.pexels.com/photos/675951/pexels-photo-675951.jpeg?w=800,https://images.unsplash.com/photo-1607623488235-8afeb9e8d67b?w=800,https://images.unsplash.com/photo-1546964053-d018e345e490?w=800,21.99,5,20.89,5,10,19.79,10,20,18.69,15
BEEF,Steaks,M238798,Chef's Essentials Pichania (Rump cap),Chef's Essentials,,Standard,,,Picanha,,,Av 2kg,Per Kg,Per Kg,Chill,No,No,https://images.unsplash.com/photo-1588168334932-89b5fd8a76d0?w=800,https://images.pexels.com/photos/675951/pexels-photo-675951.jpeg?w=800,https://images.unsplash.com/photo-1607623488235-8afeb9e8d67b?w=800,https://images.unsplash.com/photo-1546964053-d018e345e490?w=800,18.99,5,18.04,5,10,17.09,10,25,16.14,15
BEEF,Steaks,M288932,Blackgate on the bone T Bone Steak,Blackgate,,Premium,,,T Bone Steak,,Bone In,,Av 600g,Per Kg,Per Kg,Chill,No,No,https://images.unsplash.com/photo-1602470520998-f4a52199a3d6?w=800,https://images.pexels.com/photos/769289/pexels-photo-769289.jpeg?w=800,https://images.unsplash.com/photo-1558030006-450675393462?w=800,https://images.unsplash.com/photo-1603039234808-353eb4c9dd3b?w=800,29.99,3,28.49,5,6,26.99,10,10,25.49,15
BEEF,Steaks,M237918,T Bone Ends,,,,,,,T Bone Ends,,Bone In,,Av 3kg,Per Kg,Per Kg,Chill,No,No,https://images.unsplash.com/photo-1602470520998-f4a52199a3d6?w=800,https://images.pexels.com/photos/769289/pexels-photo-769289.jpeg?w=800,https://images.unsplash.com/photo-1558030006-450675393462?w=800,https://images.unsplash.com/photo-1603039234808-353eb4c9dd3b?w=800,16.99,5,16.14,5,10,15.29,10,20,14.44,15
BEEF,Steaks,M254733,Ihsaan Halal T Bone Ends,Ihsaan,,Standard,,,T Bone Ends,,Bone In,Halal,Av 6kg,Per Kg,Per Kg,Chill,Yes,No,https://images.unsplash.com/photo-1602470520998-f4a52199a3d6?w=800,https://images.pexels.com/photos/769289/pexels-photo-769289.jpeg?w=800,https://images.unsplash.com/photo-1558030006-450675393462?w=800,https://images.unsplash.com/photo-1603039234808-353eb4c9dd3b?w=800,18.99,5,18.04,5,10,17.09,10,25,16.14,15
BEEF,Steaks,M163718,Diviande T Bone Steak,Diviande,,Standard,,,T Bone Steak,,Bone In,,2x450g,10,Per Pack,Frozen,No,No,https://images.unsplash.com/photo-1602470520998-f4a52199a3d6?w=800,https://images.pexels.com/photos/769289/pexels-photo-769289.jpeg?w=800,https://images.unsplash.com/photo-1558030006-450675393462?w=800,https://images.unsplash.com/photo-1603039234808-353eb4c9dd3b?w=800,22.99,5,21.84,5,15,20.69,10,30,19.54,15
BEEF,Steaks,M288937,Blackgate on the bone Tomahawk Steak,Blackgate,,Premium,,,Tomahawk Steak,,Bone In,,Av 1kg,Per Kg,Per Kg,Chill,No,No,https://images.unsplash.com/photo-1607623814075-e51df1bdc82f?w=800,https://images.pexels.com/photos/3688/food-dinner-lunch-meal.jpg?w=800,https://images.unsplash.com/photo-1588347818036-af5e5c6f7b57?w=800,https://images.unsplash.com/photo-1529692236671-f1f6cf9683ba?w=800,42.99,3,40.84,5,6,38.69,10,10,36.54,15
BEEF,Steaks,M224454,Tomahawk Rib Joint,,,,,,,Tomahawk Rib Joint,,Bone In,,Av 6kg,Per Kg,Per Kg,Chill,No,No,https://images.unsplash.com/photo-1607623814075-e51df1bdc82f?w=800,https://images.pexels.com/photos/3688/food-dinner-lunch-meal.jpg?w=800,https://images.unsplash.com/photo-1588347818036-af5e5c6f7b57?w=800,https://images.unsplash.com/photo-1529692236671-f1f6cf9683ba?w=800,32.99,5,31.34,5,10,29.69,10,20,28.04,15
BEEF,Steaks,M288939,Blackgate on the bone Côte De Beouf Steak,Blackgate,,Premium,,,Côte De Beouf Steak,,Bone In,,Av 900g,Per Kg,Per Kg,Chill,No,No,https://images.unsplash.com/photo-1607623814075-e51df1bdc82f?w=800,https://images.pexels.com/photos/3688/food-dinner-lunch-meal.jpg?w=800,https://images.unsplash.com/photo-1588347818036-af5e5c6f7b57?w=800,https://images.unsplash.com/photo-1529692236671-f1f6cf9683ba?w=800,39.99,3,37.99,5,6,35.99,10,10,33.99,15
BEEF,Steaks,M218765,Blackgate Côte De Boeuf,Blackgate,,Premium,,,Côte De Boeuf,,Bone In,,Av 5kg,Per Kg,Per Kg,Chill,No,No,https://images.unsplash.com/photo-1607623814075-e51df1bdc82f?w=800,https://images.pexels.com/photos/3688/food-dinner-lunch-meal.jpg?w=800,https://images.unsplash.com/photo-1588347818036-af5e5c6f7b57?w=800,https://images.unsplash.com/photo-1529692236671-f1f6cf9683ba?w=800,38.99,5,37.04,5,10,35.09,10,20,33.14,15
BEEF,Steaks,M696401,Bone in Large British Siroloins 14kg+,,British,,,,Sirloin,,Bone In,,Av 14kg,Per Kg,Per Kg,Chill,No,No,https://images.unsplash.com/photo-1599365151156-c4617ab88f46?w=800,https://images.unsplash.com/photo-1558030006-450675393462?w=800,https://images.pexels.com/photos/1268549/pexels-photo-1268549.jpeg?w=800,https://images.unsplash.com/photo-1606851846180-d75b56108ab4?w=800,24.99,10,23.74,5,20,22.49,10,35,21.24,15
BEEF,Steaks,M131413,Rump Tails Fat On,,,,,,,Rump Tails,Fat On,,,Av 3kg,Per Kg,Per Kg,Chill,No,No,https://images.unsplash.com/photo-1588168334932-89b5fd8a76d0?w=800,https://images.pexels.com/photos/675951/pexels-photo-675951.jpeg?w=800,https://images.unsplash.com/photo-1607623488235-8afeb9e8d67b?w=800,https://images.unsplash.com/photo-1546964053-d018e345e490?w=800,12.99,10,12.34,5,20,11.69,10,30,11.04,15
BEEF,Steaks,M298124,PAD Stir Fry,,,,,,,Stir Fry,,PAD,,-,Per Kg,Per Kg,Chill,No,No,https://images.unsplash.com/photo-1607623814075-e51df1bdc82f?w=800,https://images.pexels.com/photos/3688/food-dinner-lunch-meal.jpg?w=800,https://images.unsplash.com/photo-1588347818036-af5e5c6f7b57?w=800,https://images.unsplash.com/photo-1529692236671-f1f6cf9683ba?w=800,14.99,10,14.24,5,20,13.49,10,35,12.74,15
BEEF,Steaks,M254826,Ihsaan Halal Bavette,Ihsaan,,Standard,,,Bavette,,,Halal,Av 3kg,Per Kg,Per Kg,Chill,Yes,No,https://images.unsplash.com/photo-1607623814075-e51df1bdc82f?w=800,https://images.pexels.com/photos/3688/food-dinner-lunch-meal.jpg?w=800,https://images.unsplash.com/photo-1588347818036-af5e5c6f7b57?w=800,https://images.unsplash.com/photo-1529692236671-f1f6cf9683ba?w=800,18.99,5,18.04,5,10,17.09,10,20,16.14,15
BEEF,Steaks,M090041,Chef's Larder Bavettes,Chef's Larder,,Standard,,,Bavette,,,Av 1kg,Per Kg,Per Kg,Chill,No,No,https://images.unsplash.com/photo-1607623814075-e51df1bdc82f?w=800,https://images.pexels.com/photos/3688/food-dinner-lunch-meal.jpg?w=800,https://images.unsplash.com/photo-1588347818036-af5e5c6f7b57?w=800,https://images.unsplash.com/photo-1529692236671-f1f6cf9683ba?w=800,16.99,5,16.14,5,10,15.29,10,25,14.44,15
BEEF,Steaks,M960070,Chef's Larder British Skirt/Flank Steak,Chef's Larder,British,Standard,,,Skirt/Flank Steak,,,Av 2kg,Per Kg,Per Kg,Chill,No,No,https://images.unsplash.com/photo-1607623814075-e51df1bdc82f?w=800,https://images.pexels.com/photos/3688/food-dinner-lunch-meal.jpg?w=800,https://images.unsplash.com/photo-1588347818036-af5e5c6f7b57?w=800,https://images.unsplash.com/photo-1529692236671-f1f6cf9683ba?w=800,17.99,5,17.09,5,10,16.19,10,20,15.29,15
BEEF,Steaks,M134043,Chef's Larder Flat Iron Steak,Chef's Larder,,Standard,,,Flat Iron Steak,,,Av 2kg,Per Kg,Per Kg,Chill,No,No,https://images.unsplash.com/photo-1607623814075-e51df1bdc82f?w=800,https://images.pexels.com/photos/3688/food-dinner-lunch-meal.jpg?w=800,https://images.unsplash.com/photo-1588347818036-af5e5c6f7b57?w=800,https://images.unsplash.com/photo-1529692236671-f1f6cf9683ba?w=800,18.99,5,18.04,5,10,17.09,10,20,16.14,15
BEEF,Steaks,M254914,Onglet,,,,,,,Onglet,,,Av 3kg,Per Kg,Per Kg,Chill,No,No,https://images.unsplash.com/photo-1607623814075-e51df1bdc82f?w=800,https://images.pexels.com/photos/3688/food-dinner-lunch-meal.jpg?w=800,https://images.unsplash.com/photo-1588347818036-af5e5c6f7b57?w=800,https://images.unsplash.com/photo-1529692236671-f1f6cf9683ba?w=800,19.99,5,18.99,5,10,17.99,10,20,16.99,15
BEEF,Steaks,M305944,Ishaan Halal Beef Tomahawk Steak,Ishaan,,Standard,,,Tomahawk Steak,,Bone In,Halal,-,Per Kg,Per Kg,Chill,Yes,No,https://images.unsplash.com/photo-1607623814075-e51df1bdc82f?w=800,https://images.pexels.com/photos/3688/food-dinner-lunch-meal.jpg?w=800,https://images.unsplash.com/photo-1588347818036-af5e5c6f7b57?w=800,https://images.unsplash.com/photo-1529692236671-f1f6cf9683ba?w=800,36.99,3,35.14,5,6,33.29,10,10,31.44,15
BEEF,Steaks,M305942,Ishaan Halal Beef T Bone Steak,Ishaan,,Standard,,,T Bone Steak,,Bone In,Halal,-,Per Kg,Per Kg,Chill,Yes,No,https://images.unsplash.com/photo-1602470520998-f4a52199a3d6?w=800,https://images.pexels.com/photos/769289/pexels-photo-769289.jpeg?w=800,https://images.unsplash.com/photo-1558030006-450675393462?w=800,https://images.unsplash.com/photo-1603039234808-353eb4c9dd3b?w=800,24.99,5,23.74,5,10,22.49,10,20,21.24,15
BEEF,Steaks,M305945,Ishaan Halal Beef Stir Fry,Ishaan,,Standard,,,Stir Fry,,,Halal,2.5kg,4,Per Kg,Chill,Yes,No,https://images.unsplash.com/photo-1607623814075-e51df1bdc82f?w=800,https://images.pexels.com/photos/3688/food-dinner-lunch-meal.jpg?w=800,https://images.unsplash.com/photo-1588347818036-af5e5c6f7b57?w=800,https://images.unsplash.com/photo-1529692236671-f1f6cf9683ba?w=800,16.99,5,16.14,5,10,15.29,10,25,14.44,15
BEEF,Mince & Diced,M175178,Chef's Essentials Minced Beef,Chef's Essentials,,Standard,,,Minced Beef,,Minced,,2kg,4,Per Pack,Chill,No,Yes,https://images.unsplash.com/photo-1606851846180-d75b56108ab4?w=800,https://images.pexels.com/photos/3997609/pexels-photo-3997609.jpeg?w=800,https://images.unsplash.com/photo-1607623814075-e51df1bdc82f?w=800,https://images.unsplash.com/photo-1595777216528-071e0127ccf4?w=800,8.99,5,8.54,5,10,8.09,10,25,7.64,15
BEEF,Mince & Diced,M284595,Ihsaan Halal Minced Beef 5% Fat,Ihsaan,,Standard,,,Minced Beef,5%,Minced,Halal,av 2kg,Per Kg,Per Kg,Chill,Yes,No,https://images.unsplash.com/photo-1606851846180-d75b56108ab4?w=800,https://images.pexels.com/photos/3997609/pexels-photo-3997609.jpeg?w=800,https://images.unsplash.com/photo-1607623814075-e51df1bdc82f?w=800,https://images.unsplash.com/photo-1595777216528-071e0127ccf4?w=800,10.99,5,10.44,5,10,9.89,10,25,9.34,15
BEEF,Mince & Diced,M960211,Chef's Larder Minced Beef 15% Fat,Chef's Larder,,Standard,,,Minced Beef,15%,Minced,,Av 2kg,Per Kg,Per Kg,Chill,No,No,https://images.unsplash.com/photo-1606851846180-d75b56108ab4?w=800,https://images.pexels.com/photos/3997609/pexels-photo-3997609.jpeg?w=800,https://images.unsplash.com/photo-1607623814075-e51df1bdc82f?w=800,https://images.unsplash.com/photo-1595777216528-071e0127ccf4?w=800,9.49,5,9.02,5,10,8.54,10,25,8.07,15
BEEF,Mince & Diced,M256695,Ihsaan Halal Minced Beef,Ihsaan,,Standard,,,Minced Beef,,Minced,Halal,2.5kg,4,Per Pack,Chill,Yes,No,https://images.unsplash.com/photo-1606851846180-d75b56108ab4?w=800,https://images.pexels.com/photos/3997609/pexels-photo-3997609.jpeg?w=800,https://images.unsplash.com/photo-1607623814075-e51df1bdc82f?w=800,https://images.unsplash.com/photo-1595777216528-071e0127ccf4?w=800,9.99,5,9.49,5,10,8.99,10,25,8.49,15
BEEF,Mince & Diced,M056927,Chef's Larder Minced Beef 20% Fat,Chef's Larder,,Standard,,,Minced Beef,20%,Minced,,Av 2kg,Per Kg,Per Kg,Chill,No,No,https://images.unsplash.com/photo-1606851846180-d75b56108ab4?w=800,https://images.pexels.com/photos/3997609/pexels-photo-3997609.jpeg?w=800,https://images.unsplash.com/photo-1607623814075-e51df1bdc82f?w=800,https://images.unsplash.com/photo-1595777216528-071e0127ccf4?w=800,8.99,5,8.54,5,10,8.09,10,25,7.64,15
BEEF,Mince & Diced,M253586,Ihsaan Halal Minced Beef 20% Fat,Ihsaan,,Standard,,,Minced Beef,20%,Minced,Halal,Av 2kg,Per Kg,Per Kg,Chill,Yes,No,https://images.unsplash.com/photo-1606851846180-d75b56108ab4?w=800,https://images.pexels.com/photos/3997609/pexels-photo-3997609.jpeg?w=800,https://images.unsplash.com/photo-1607623814075-e51df1bdc82f?w=800,https://images.unsplash.com/photo-1595777216528-071e0127ccf4?w=800,9.49,5,9.02,5,10,8.54,10,25,8.07,15
BEEF,Mince & Diced,M142526,Chef's Larder Minced Beef,Chef's Larder,,Standard,,,Minced Beef,,Minced,,2.25kg,6,Per Pack,Frozen,Yes,No,https://images.unsplash.com/photo-1606851846180-d75b56108ab4?w=800,https://images.pexels.com/photos/3997609/pexels-photo-3997609.jpeg?w=800,https://images.unsplash.com/photo-1607623814075-e51df1bdc82f?w=800,https://images.unsplash.com/photo-1595777216528-071e0127ccf4?w=800,7.99,10,7.59,5,20,7.19,10,35,6.79,15
BEEF,Mince & Diced,M326721,Chef's Larder Minced Beef 30% Fat,Chef's Larder,,Standard,,,Minced Beef,30%,Minced,,Av 5kg,Per Kg,Per Kg,Chill,No,No,https://images.unsplash.com/photo-1606851846180-d75b56108ab4?w=800,https://images.pexels.com/photos/3997609/pexels-photo-3997609.jpeg?w=800,https://images.unsplash.com/photo-1607623814075-e51df1bdc82f?w=800,https://images.unsplash.com/photo-1595777216528-071e0127ccf4?w=800,7.49,10,7.12,5,20,6.74,10,35,6.37,15
BEEF,Mince & Diced,M235662,Chef's Essentials Diced Beef,Chef's Essentials,,Standard,,,Diced Beef,,Diced,,3kg,3,Per Pack,Chill,No,No,https://images.unsplash.com/photo-1588347818036-af5e5c6f7b57?w=800,https://images.pexels.com/photos/675951/pexels-photo-675951.jpeg?w=800,https://images.unsplash.com/photo-1544025162-d76694265947?w=800,https://images.unsplash.com/photo-1603073163308-9b4e6ad4f81b?w=800,11.99,5,11.39,5,10,10.79,10,25,10.19,15
BEEF,Mince & Diced,M142608,Chef's Larder Diced Beef,Chef's Larder,,Standard,,,Diced Beef,,Diced,,2kg,6,Per Pack,Frozen,Yes,No,https://images.unsplash.com/photo-1588347818036-af5e5c6f7b57?w=800,https://images.pexels.com/photos/675951/pexels-photo-675951.jpeg?w=800,https://images.unsplash.com/photo-1544025162-d76694265947?w=800,https://images.unsplash.com/photo-1603073163308-9b4e6ad4f81b?w=800,9.99,10,9.49,5,20,8.99,10,35,8.49,15
BEEF,Mince & Diced,M256689,Ihsaan Halal Diced Beef,Ihsaan,,Standard,,,Diced Beef,,Diced,Halal,2.5kg,4,Per Pack,Chill,Yes,No,https://images.unsplash.com/photo-1588347818036-af5e5c6f7b57?w=800,https://images.pexels.com/photos/675951/pexels-photo-675951.jpeg?w=800,https://images.unsplash.com/photo-1544025162-d76694265947?w=800,https://images.unsplash.com/photo-1603073163308-9b4e6ad4f81b?w=800,12.99,5,12.34,5,10,11.69,10,25,11.04,15
BEEF,Other,M237934,Thor's Hammer,,,,,,,Thor's Hammer,,,Av 3kg,Per Kg,Per Kg,Chill,No,No,https://images.unsplash.com/photo-1607623814075-e51df1bdc82f?w=800,https://images.pexels.com/photos/3688/food-dinner-lunch-meal.jpg?w=800,https://images.unsplash.com/photo-1588347818036-af5e5c6f7b57?w=800,https://images.unsplash.com/photo-1529692236671-f1f6cf9683ba?w=800,16.99,5,16.14,5,10,15.29,10,20,14.44,15
BEEF,Other,M131414,Beef Short Rib,,,,,,,Short Rib,,Bone In,,Av 4kg,Per Kg,Per Kg,Chill,No,No,https://images.unsplash.com/photo-1607623814075-e51df1bdc82f?w=800,https://images.pexels.com/photos/3688/food-dinner-lunch-meal.jpg?w=800,https://images.unsplash.com/photo-1588347818036-af5e5c6f7b57?w=800,https://images.unsplash.com/photo-1529692236671-f1f6cf9683ba?w=800,15.99,5,15.19,5,10,14.39,10,20,13.59,15
BEEF,Other,M253597,Ihsaan Halal Short Ribs,Ihsaan,,Standard,,,Short Ribs,,Bone In,Halal,Av 4kg,Per Kg,Per Kg,Chill,Yes,No,https://images.unsplash.com/photo-1607623814075-e51df1bdc82f?w=800,https://images.pexels.com/photos/3688/food-dinner-lunch-meal.jpg?w=800,https://images.unsplash.com/photo-1588347818036-af5e5c6f7b57?w=800,https://images.unsplash.com/photo-1529692236671-f1f6cf9683ba?w=800,17.49,5,16.62,5,10,15.74,10,20,14.87,15
BEEF,Other,M954867,Chef's Larder British Chuck Tender,Chef's Larder,British,Standard,,,Chuck Tender,,,Av 2kg,Per Kg,Per Kg,Chill,No,No,https://images.unsplash.com/photo-1607623814075-e51df1bdc82f?w=800,https://images.pexels.com/photos/3688/food-dinner-lunch-meal.jpg?w=800,https://images.unsplash.com/photo-1588347818036-af5e5c6f7b57?w=800,https://images.unsplash.com/photo-1529692236671-f1f6cf9683ba?w=800,13.99,5,13.29,5,10,12.59,10,25,11.89,15
BEEF,Other,M954958,Chef's Larder Chuck Rolls,Chef's Larder,,Standard,,,Chuck Roll,,,Av 8kg,Per Kg,Per Kg,Chill,No,No,https://images.unsplash.com/photo-1607623814075-e51df1bdc82f?w=800,https://images.pexels.com/photos/3688/food-dinner-lunch-meal.jpg?w=800,https://images.unsplash.com/photo-1588347818036-af5e5c6f7b57?w=800,https://images.unsplash.com/photo-1529692236671-f1f6cf9683ba?w=800,14.99,5,14.24,5,10,13.49,10,25,12.74,15
BEEF,Other,M253576,Ihsaan Halal Chuck Roll,Ihsaan,,Standard,,,Chuck Roll,,,Halal,Av 8kg,Per Kg,Per Kg,Chill,Yes,No,https://images.unsplash.com/photo-1607623814075-e51df1bdc82f?w=800,https://images.pexels.com/photos/3688/food-dinner-lunch-meal.jpg?w=800,https://images.unsplash.com/photo-1588347818036-af5e5c6f7b57?w=800,https://images.unsplash.com/photo-1529692236671-f1f6cf9683ba?w=800,16.49,5,15.67,5,10,14.84,10,25,14.02,15
BEEF,Other,M291149,PAD Chuck Tender,,,,,,,Chuck Tender,,PAD,,Av 16kg,Per Kg,Per Kg,Chill,No,No,https://images.unsplash.com/photo-1607623814075-e51df1bdc82f?w=800,https://images.pexels.com/photos/3688/food-dinner-lunch-meal.jpg?w=800,https://images.unsplash.com/photo-1588347818036-af5e5c6f7b57?w=800,https://images.unsplash.com/photo-1529692236671-f1f6cf9683ba?w=800,12.99,10,12.34,5,20,11.69,10,30,11.04,15
BEEF,Other,M259714,Ihsaan Halal PAD Muscle,Ihsaan,,Standard,,,PAD Muscle,,PAD,Halal,Av 3kg,Per Kg,Per Kg,Chill,Yes,No,https://images.unsplash.com/photo-1607623814075-e51df1bdc82f?w=800,https://images.pexels.com/photos/3688/food-dinner-lunch-meal.jpg?w=800,https://images.unsplash.com/photo-1588347818036-af5e5c6f7b57?w=800,https://images.unsplash.com/photo-1529692236671-f1f6cf9683ba?w=800,14.49,5,13.77,5,10,13.04,10,20,12.32,15
BEEF,Other,M056129,PAD Muscle,,,,,,,PAD Muscle,,PAD,,Av 2kg,Per Kg,Per Kg,Chill,No,No,https://images.unsplash.com/photo-1607623814075-e51df1bdc82f?w=800,https://images.pexels.com/photos/3688/food-dinner-lunch-meal.jpg?w=800,https://images.unsplash.com/photo-1588347818036-af5e5c6f7b57?w=800,https://images.unsplash.com/photo-1529692236671-f1f6cf9683ba?w=800,13.49,5,12.82,5,10,12.14,10,20,11.47,15
BEEF,Other,M998864,Chef's Larder Rump Tails,Chef's Larder,,Standard,,,Rump Tails,,,Av 2kg,Per Kg,Per Kg,Chill,No,No,https://images.unsplash.com/photo-1588168334932-89b5fd8a76d0?w=800,https://images.pexels.com/photos/675951/pexels-photo-675951.jpeg?w=800,https://images.unsplash.com/photo-1607623488235-8afeb9e8d67b?w=800,https://images.unsplash.com/photo-1546964053-d018e345e490?w=800,11.99,5,11.39,5,10,10.79,10,25,10.19,15
BEEF,Other,M300949,Beef Short Rib Select,,,,,,,Short Rib Select,,Bone In,,-,Per Kg,Per Kg,Chill,No,No,https://images.unsplash.com/photo-1607623814075-e51df1bdc82f?w=800,https://images.pexels.com/photos/3688/food-dinner-lunch-meal.jpg?w=800,https://images.unsplash.com/photo-1588347818036-af5e5c6f7b57?w=800,https://images.unsplash.com/photo-1529692236671-f1f6cf9683ba?w=800,14.99,5,14.24,5,10,13.49,10,20,12.74,15
BEEF,Other,M300953,Beef PAD Goose Skirt,,,,,,,Goose Skirt,,PAD,,-,Per Kg,Per Kg,Chill,No,No,https://images.unsplash.com/photo-1607623814075-e51df1bdc82f?w=800,https://images.pexels.com/photos/3688/food-dinner-lunch-meal.jpg?w=800,https://images.unsplash.com/photo-1588347818036-af5e5c6f7b57?w=800,https://images.unsplash.com/photo-1529692236671-f1f6cf9683ba?w=800,13.99,5,13.29,5,10,12.59,10,20,11.89,15
BEEF,Other,M253602,Ihsaan Halal PAD Rump Tails,Ihsaan,,Standard,,,Rump Tails,,PAD,Halal,Av 2kg,Per Kg,Per Kg,Chill,Yes,No,https://images.unsplash.com/photo-1588168334932-89b5fd8a76d0?w=800,https://images.pexels.com/photos/675951/pexels-photo-675951.jpeg?w=800,https://images.unsplash.com/photo-1607623488235-8afeb9e8d67b?w=800,https://images.unsplash.com/photo-1546964053-d018e345e490?w=800,13.49,5,12.82,5,10,12.14,10,20,11.47,15
BEEF,Other,M257689,Ihsaan Halal Rump Tails Fat on,Ihsaan,,Standard,,,Rump Tails,Fat On,,Halal,Av 2kg,Per Kg,Per Kg,Chill,Yes,No,https://images.unsplash.com/photo-1588168334932-89b5fd8a76d0?w=800,https://images.pexels.com/photos/675951/pexels-photo-675951.jpeg?w=800,https://images.unsplash.com/photo-1607623488235-8afeb9e8d67b?w=800,https://images.unsplash.com/photo-1546964053-d018e345e490?w=800,12.99,5,12.34,5,10,11.69,10,20,11.04,15
BEEF,Other,M998856,Blade Steak,,,,,,,Blade Steak,,,Av 7kg,Per Kg,Per Kg,Chill,No,No,https://images.unsplash.com/photo-1607623814075-e51df1bdc82f?w=800,https://images.pexels.com/photos/3688/food-dinner-lunch-meal.jpg?w=800,https://images.unsplash.com/photo-1588347818036-af5e5c6f7b57?w=800,https://images.unsplash.com/photo-1529692236671-f1f6cf9683ba?w=800,14.99,5,14.24,5,10,13.49,10,25,12.74,15
BEEF,Other,M954891,British LMC,,British,,,,LMC,,,Av 6kg,Per Kg,Per Kg,Chill,No,No,https://images.unsplash.com/photo-1607623814075-e51df1bdc82f?w=800,https://images.pexels.com/photos/3688/food-dinner-lunch-meal.jpg?w=800,https://images.unsplash.com/photo-1588347818036-af5e5c6f7b57?w=800,https://images.unsplash.com/photo-1529692236671-f1f6cf9683ba?w=800,15.99,5,15.19,5,10,14.39,10,25,13.59,15
BEEF,Other,M955252,British Leg/Shin,,British,,,,Leg/Shin,,,Av 2kg,Per Kg,Per Kg,Chill,No,No,https://images.unsplash.com/photo-1607623814075-e51df1bdc82f?w=800,https://images.pexels.com/photos/3688/food-dinner-lunch-meal.jpg?w=800,https://images.unsplash.com/photo-1588347818036-af5e5c6f7b57?w=800,https://images.unsplash.com/photo-1529692236671-f1f6cf9683ba?w=800,12.99,5,12.34,5,10,11.69,10,20,11.04,15
BEEF,Other,M254998,Ihsaan Halal Heels,Ihsaan,,Standard,,,Heels,,,Halal,Av 2kg,Per Kg,Per Kg,Chill,Yes,No,https://images.unsplash.com/photo-1607623814075-e51df1bdc82f?w=800,https://images.pexels.com/photos/3688/food-dinner-lunch-meal.jpg?w=800,https://images.unsplash.com/photo-1588347818036-af5e5c6f7b57?w=800,https://images.unsplash.com/photo-1529692236671-f1f6cf9683ba?w=800,11.99,5,11.39,5,10,10.79,10,20,10.19,15
BEEF,Other,M955039,British Beef Heels,,British,,,,Heels,,,Av 2kg,Per Kg,Per Kg,Chill,No,No,https://images.unsplash.com/photo-1607623814075-e51df1bdc82f?w=800,https://images.pexels.com/photos/3688/food-dinner-lunch-meal.jpg?w=800,https://images.unsplash.com/photo-1588347818036-af5e5c6f7b57?w=800,https://images.unsplash.com/photo-1529692236671-f1f6cf9683ba?w=800,11.49,5,10.92,5,10,10.34,10,20,9.77,15
BEEF,Other,M253596,Ihsaan Halal Shin,Ihsaan,,Standard,,,Shin,,,Halal,Av 2kg,Per Kg,Per Kg,Chill,Yes,No,https://images.unsplash.com/photo-1607623814075-e51df1bdc82f?w=800,https://images.pexels.com/photos/3688/food-dinner-lunch-meal.jpg?w=800,https://images.unsplash.com/photo-1588347818036-af5e5c6f7b57?w=800,https://images.unsplash.com/photo-1529692236671-f1f6cf9683ba?w=800,10.99,5,10.44,5,10,9.89,10,20,9.34,15
BEEF,Other,M997270,Half Salt Brisket Flat,,,,,,,Brisket Flat,,Salted,,Av 3kg,Per Kg,Per Kg,Chill,No,No,https://images.unsplash.com/photo-1544025162-d76694265947?w=800,https://images.pexels.com/photos/1639562/pexels-photo-1639562.jpeg?w=800,https://images.unsplash.com/photo-1595777216528-071e0127ccf4?w=800,https://images.unsplash.com/photo-1529692236671-f1f6cf9683ba?w=800,15.99,5,15.19,5,10,14.39,10,20,13.59,15
BEEF,Other,M144314,Stoddarts Thinly sliced Scotch Steak,Stoddarts,Scottish,,,,Scotch Steak,,Thinly Sliced,,1.75kg,6,Per Pack,Frozen,No,No,https://images.unsplash.com/photo-1607623814075-e51df1bdc82f?w=800,https://images.pexels.com/photos/3688/food-dinner-lunch-meal.jpg?w=800,https://images.unsplash.com/photo-1588347818036-af5e5c6f7b57?w=800,https://images.unsplash.com/photo-1529692236671-f1f6cf9683ba?w=800,18.99,5,18.04,5,15,17.09,10,30,16.14,15
BEEF,Offal,M174007,Ox Tail (Top Hat),,,,,,,Ox Tail,,,1kg,8,Per Pack,Chill,No,No,https://images.pexels.com/photos/1268549/pexels-photo-1268549.jpeg?w=800,https://images.unsplash.com/photo-1607623488235-8afeb9e8d67b?w=800,https://images.unsplash.com/photo-1588168333986-5078d3ae3976?w=800,https://images.pexels.com/photos/769289/pexels-photo-769289.jpeg?w=800,8.99,5,8.54,5,10,8.09,10,20,7.64,15
BEEF,Offal,M174017,Ox Cheek,,,,,,,Ox Cheek,,,600g,4,Per Pack,Chill,No,No,https://images.pexels.com/photos/1268549/pexels-photo-1268549.jpeg?w=800,https://images.unsplash.com/photo-1607623488235-8afeb9e8d67b?w=800,https://images.unsplash.com/photo-1588168333986-5078d3ae3976?w=800,https://images.pexels.com/photos/769289/pexels-photo-769289.jpeg?w=800,7.99,5,7.59,5,10,7.19,10,20,6.79,15
BEEF,Offal,M134046,Chef's Larder Square cut Ox Cheek,Chef's Larder,,Standard,,,Ox Cheek,,Square Cut,,Av 2kg,Per Kg,Per Kg,Chill,No,No,https://images.pexels.com/photos/1268549/pexels-photo-1268549.jpeg?w=800,https://images.unsplash.com/photo-1607623488235-8afeb9e8d67b?w=800,https://images.unsplash.com/photo-1588168333986-5078d3ae3976?w=800,https://images.pexels.com/photos/769289/pexels-photo-769289.jpeg?w=800,9.99,5,9.49,5,10,8.99,10,25,8.49,15
BEEF,Offal,M174005,Ox Liver,,,,,,,Ox Liver,,,1kg,8,Per Pack,Chill,No,No,https://images.pexels.com/photos/1268549/pexels-photo-1268549.jpeg?w=800,https://images.unsplash.com/photo-1607623488235-8afeb9e8d67b?w=800,https://images.unsplash.com/photo-1588168333986-5078d3ae3976?w=800,https://images.pexels.com/photos/769289/pexels-photo-769289.jpeg?w=800,6.99,5,6.64,5,10,6.29,10,20,5.94,15
BEEF,Offal,M174002,Ox Heart,,,,,,,Ox Heart,,,2kg,4,Per Pack,Chill,No,No,https://images.pexels.com/photos/1268549/pexels-photo-1268549.jpeg?w=800,https://images.unsplash.com/photo-1607623488235-8afeb9e8d67b?w=800,https://images.unsplash.com/photo-1588168333986-5078d3ae3976?w=800,https://images.pexels.com/photos/769289/pexels-photo-769289.jpeg?w=800,5.99,10,5.69,5,20,5.39,10,30,5.09,15
BEEF,Offal,M174019,Ox Kidney,,,,,,,Ox Kidney,,,1.2kg,8,Per Pack,Chill,No,No,https://images.pexels.com/photos/1268549/pexels-photo-1268549.jpeg?w=800,https://images.unsplash.com/photo-1607623488235-8afeb9e8d67b?w=800,https://images.unsplash.com/photo-1588168333986-5078d3ae3976?w=800,https://images.pexels.com/photos/769289/pexels-photo-769289.jpeg?w=800,6.49,10,6.17,5,20,5.84,10,30,5.52,15
BEEF,Offal,M134209,Ox Tongue,,,,,,,Ox Tongue,,,Av 1kg,Per Kg,Per Kg,Chill,No,No,https://images.pexels.com/photos/1268549/pexels-photo-1268549.jpeg?w=800,https://images.unsplash.com/photo-1607623488235-8afeb9e8d67b?w=800,https://images.unsplash.com/photo-1588168333986-5078d3ae3976?w=800,https://images.pexels.com/photos/769289/pexels-photo-769289.jpeg?w=800,11.99,5,11.39,5,10,10.79,10,20,10.19,15
BEEF,Offal,M246549,Marrowbone Rings,,,,,,,Marrowbone Rings,,,Av 500g,Per Kg,Per Kg,Chill,No,No,https://images.pexels.com/photos/1268549/pexels-photo-1268549.jpeg?w=800,https://images.unsplash.com/photo-1607623488235-8afeb9e8d67b?w=800,https://images.unsplash.com/photo-1588168333986-5078d3ae3976?w=800,https://images.pexels.com/photos/769289/pexels-photo-769289.jpeg?w=800,4.99,10,4.74,5,20,4.49,10,30,4.24,15
VEAL,,M959445,Veal Topside,,,,,,Veal Topside,,,Av 4kg,Per Kg,Per Kg,Chill,Yes,No,https://images.unsplash.com/photo-1607623814075-e51df1bdc82f?w=800,https://images.pexels.com/photos/1268549/pexels-photo-1268549.jpeg?w=800,https://images.unsplash.com/photo-1595777216528-071e0127ccf4?w=800,https://images.unsplash.com/photo-1544025162-d76694265947?w=800,32.99,5,31.34,5,10,29.69,10,20,28.04,15
VEAL,,M059505,Veal Topside Cap Off,,,,,,Veal Topside,,Cap Off,,Av 3kg,Per Kg,Per Kg,Chill,Yes,No,https://images.unsplash.com/photo-1607623814075-e51df1bdc82f?w=800,https://images.pexels.com/photos/1268549/pexels-photo-1268549.jpeg?w=800,https://images.unsplash.com/photo-1595777216528-071e0127ccf4?w=800,https://images.unsplash.com/photo-1544025162-d76694265947?w=800,31.99,5,30.39,5,10,28.79,10,20,27.19,15
VEAL,,M059499,Veal Fillet,,,,,,Veal Fillet,,,Av 1kg,Per Kg,Per Kg,Chill,Yes,No,https://images.unsplash.com/photo-1607623814075-e51df1bdc82f?w=800,https://images.pexels.com/photos/1268549/pexels-photo-1268549.jpeg?w=800,https://images.unsplash.com/photo-1595777216528-071e0127ccf4?w=800,https://images.unsplash.com/photo-1544025162-d76694265947?w=800,54.99,3,52.24,5,6,49.49,10,10,46.74,15
VEAL,,M059508,Veal Striploin,,,,,,Veal Striploin,,,Av 3kg,Per Kg,Per Kg,Chill,Yes,No,https://images.unsplash.com/photo-1607623814075-e51df1bdc82f?w=800,https://images.pexels.com/photos/1268549/pexels-photo-1268549.jpeg?w=800,https://images.unsplash.com/photo-1595777216528-071e0127ccf4?w=800,https://images.unsplash.com/photo-1544025162-d76694265947?w=800,39.99,5,37.99,5,10,35.99,10,20,33.99,15
VEAL,,M959288,Veal Rumps,,,,,,Veal Rump,,,Av 3kg,Per Kg,Per Kg,Chill,Yes,No,https://images.unsplash.com/photo-1607623814075-e51df1bdc82f?w=800,https://images.pexels.com/photos/1268549/pexels-photo-1268549.jpeg?w=800,https://images.unsplash.com/photo-1595777216528-071e0127ccf4?w=800,https://images.unsplash.com/photo-1544025162-d76694265947?w=800,34.99,5,33.24,5,10,31.49,10,20,29.74,15
VEAL,,M059510,Veal French Trimmed Rack,,,,,,Veal Rack,,French Trimmed,,Av 3kg,Per Kg,Per Kg,Chill,Yes,No,https://images.unsplash.com/photo-1607623814075-e51df1bdc82f?w=800,https://images.pexels.com/photos/1268549/pexels-photo-1268549.jpeg?w=800,https://images.unsplash.com/photo-1595777216528-071e0127ccf4?w=800,https://images.unsplash.com/photo-1544025162-d76694265947?w=800,42.99,5,40.84,5,10,38.69,10,20,36.54,15
VEAL,,M059509,Veal Whole Hindshank (Ossobucco),,,,,,Veal Hindshank,,,Av 3kg,Per Kg,Per Kg,Chill,Yes,No,https://images.unsplash.com/photo-1607623814075-e51df1bdc82f?w=800,https://images.pexels.com/photos/1268549/pexels-photo-1268549.jpeg?w=800,https://images.unsplash.com/photo-1595777216528-071e0127ccf4?w=800,https://images.unsplash.com/photo-1544025162-d76694265947?w=800,28.99,5,27.54,5,10,26.09,10,20,24.64,15
VEAL,,M251402,Veal Mince 10% Fat,,,,,,Veal Mince,10%,Minced,,Av 2.5kg,Per Kg,Per Kg,Chill,Yes,No,https://images.unsplash.com/photo-1607623814075-e51df1bdc82f?w=800,https://images.pexels.com/photos/1268549/pexels-photo-1268549.jpeg?w=800,https://images.unsplash.com/photo-1595777216528-071e0127ccf4?w=800,https://images.unsplash.com/photo-1544025162-d76694265947?w=800,24.99,5,23.74,5,10,22.49,10,25,21.24,15
VEAL,,M270259,Calves Liver,,,,,,Calves Liver,,,Av 1kg,Per Kg,Per Kg,Chill,Yes,No,https://images.unsplash.com/photo-1607623814075-e51df1bdc82f?w=800,https://images.pexels.com/photos/1268549/pexels-photo-1268549.jpeg?w=800,https://images.unsplash.com/photo-1595777216528-071e0127ccf4?w=800,https://images.unsplash.com/photo-1544025162-d76694265947?w=800,26.99,5,25.64,5,10,24.29,10,20,22.94,15
VEAL,,M291881,Veal Bones,,,,,,Veal Bones,,,Av 6kg,Per Kg,Per Kg,Frozen,Yes,No,https://images.unsplash.com/photo-1607623814075-e51df1bdc82f?w=800,https://images.pexels.com/photos/1268549/pexels-photo-1268549.jpeg?w=800,https://images.unsplash.com/photo-1595777216528-071e0127ccf4?w=800,https://images.unsplash.com/photo-1544025162-d76694265947?w=800,8.99,10,8.54,5,20,8.09,10,35,7.64,15
VEAL,,M959361,Veal Silverside,,,,,,Veal Silverside,,,-,Per Kg,Per Kg,Chill,Yes,No,https://images.unsplash.com/photo-1607623814075-e51df1bdc82f?w=800,https://images.pexels.com/photos/1268549/pexels-photo-1268549.jpeg?w=800,https://images.unsplash.com/photo-1595777216528-071e0127ccf4?w=800,https://images.unsplash.com/photo-1544025162-d76694265947?w=800,29.99,5,28.49,5,10,26.99,10,20,25.49,15
VEAL,,M653130,Veal Loin,,,,,,Veal Loin,,,-,Per Kg,Per Kg,Chill,Yes,No,https://images.unsplash.com/photo-1607623814075-e51df1bdc82f?w=800,https://images.pexels.com/photos/1268549/pexels-photo-1268549.jpeg?w=800,https://images.unsplash.com/photo-1595777216528-071e0127ccf4?w=800,https://images.unsplash.com/photo-1544025162-d76694265947?w=800,38.99,5,37.04,5,10,35.09,10,20,33.14,15
VEAL,,M059513,Veal Rack,,,,,,Veal Rack,,,-,Per Kg,Per Kg,Chill,Yes,No,https://images.unsplash.com/photo-1607623814075-e51df1bdc82f?w=800,https://images.pexels.com/photos/1268549/pexels-photo-1268549.jpeg?w=800,https://images.unsplash.com/photo-1595777216528-071e0127ccf4?w=800,https://images.unsplash.com/photo-1544025162-d76694265947?w=800,41.99,5,39.89,5,10,37.79,10,20,35.69,15
VEAL,,M059500,Veal Heartbread,,,,,,Veal Heartbread,,,-,Per Kg,Per Kg,Chill,Yes,No,https://images.unsplash.com/photo-1607623814075-e51df1bdc82f?w=800,https://images.pexels.com/photos/1268549/pexels-photo-1268549.jpeg?w=800,https://images.unsplash.com/photo-1595777216528-071e0127ccf4?w=800,https://images.unsplash.com/photo-1544025162-d76694265947?w=800,48.99,3,46.54,5,6,44.09,10,10,41.64,15
VEAL,,M059506,Veal Kidney Fat Off,,,,,,Veal Kidney,,Fat Off,,-,Per Kg,Per Kg,Chill,Yes,No,https://images.unsplash.com/photo-1607623814075-e51df1bdc82f?w=800,https://images.pexels.com/photos/1268549/pexels-photo-1268549.jpeg?w=800,https://images.unsplash.com/photo-1595777216528-071e0127ccf4?w=800,https://images.unsplash.com/photo-1544025162-d76694265947?w=800,22.99,5,21.84,5,10,20.69,10,20,19.54,15
LAMB,Leg,M229247,Blackgate Boneless Lamb Leg,Blackgate,,Premium,,,Lamb Leg,,Boneless,,Av 2kg,Per Kg,Per Kg,Chill,Yes,No,https://images.unsplash.com/photo-1607623814075-e51df1bdc82f?w=800,https://images.pexels.com/photos/1268549/pexels-photo-1268549.jpeg?w=800,https://images.unsplash.com/photo-1595777216528-071e0127ccf4?w=800,https://images.unsplash.com/photo-1544025162-d76694265947?w=800,28.99,5,27.54,5,10,26.09,10,20,24.64,15
LAMB,Leg,M073282,Australian Boneless Lamb Leg,,Australian,Standard,,,Lamb Leg,,Boneless,,Av 2kg,Per Kg,Per Kg,Chill,Yes,Yes,https://images.unsplash.com/photo-1607623814075-e51df1bdc82f?w=800,https://images.pexels.com/photos/1268549/pexels-photo-1268549.jpeg?w=800,https://images.unsplash.com/photo-1595777216528-071e0127ccf4?w=800,https://images.unsplash.com/photo-1544025162-d76694265947?w=800,18.99,5,18.04,5,10,17.09,10,25,16.14,15
LAMB,Leg,M253968,Welsh Carvery Lamb Leg,,Welsh,Premium,,,Lamb Leg,,Carvery,,Av 2kg,Per Kg,Per Kg,Chill,Yes,No,https://images.unsplash.com/photo-1607623814075-e51df1bdc82f?w=800,https://images.pexels.com/photos/1268549/pexels-photo-1268549.jpeg?w=800,https://images.unsplash.com/photo-1595777216528-071e0127ccf4?w=800,https://images.unsplash.com/photo-1544025162-d76694265947?w=800,27.99,5,26.59,5,10,25.19,10,20,23.79,15
LAMB,Leg,M877380,Lamb Leg (Patella bone in),,,,,,Lamb Leg,,Patella Bone In,,Av 2kg,Per Kg,Per Kg,Frozen,Yes,No,https://images.unsplash.com/photo-1607623814075-e51df1bdc82f?w=800,https://images.pexels.com/photos/1268549/pexels-photo-1268549.jpeg?w=800,https://images.unsplash.com/photo-1595777216528-071e0127ccf4?w=800,https://images.unsplash.com/photo-1544025162-d76694265947?w=800,16.99,5,16.14,5,10,15.29,10,25,14.44,15
LAMB,Leg,M229218,Blackgate Carvery Lamb Leg,Blackgate,,Premium,,,Lamb Leg,,Carvery,,Av 2kg,Per Kg,Per Kg,Chill,Yes,No,https://images.unsplash.com/photo-1607623814075-e51df1bdc82f?w=800,https://images.pexels.com/photos/1268549/pexels-photo-1268549.jpeg?w=800,https://images.unsplash.com/photo-1595777216528-071e0127ccf4?w=800,https://images.unsplash.com/photo-1544025162-d76694265947?w=800,29.99,5,28.49,5,10,26.99,10,20,25.49,15
LAMB,Leg,M754002,Bone in Lamb Leg,,,,,,Lamb Leg,,Bone In,,AV 3kg,Per Kg,Per Kg,Frozen,Yes,No,https://images.unsplash.com/photo-1607623814075-e51df1bdc82f?w=800,https://images.pexels.com/photos/1268549/pexels-photo-1268549.jpeg?w=800,https://images.unsplash.com/photo-1595777216528-071e0127ccf4?w=800,https://images.unsplash.com/photo-1544025162-d76694265947?w=800,15.99,5,15.19,5,10,14.39,10,25,13.59,15
LAMB,Leg,M253962,Welsh Boneless Lamb Leg,,Welsh,Premium,,,Lamb Leg,,Boneless,,Av 2kg,Per Kg,Per Kg,Chill,Yes,No,https://images.unsplash.com/photo-1607623814075-e51df1bdc82f?w=800,https://images.pexels.com/photos/1268549/pexels-photo-1268549.jpeg?w=800,https://images.unsplash.com/photo-1595777216528-071e0127ccf4?w=800,https://images.unsplash.com/photo-1544025162-d76694265947?w=800,28.49,5,27.07,5,10,25.64,10,20,24.22,15
LAMB,Leg,M229173,Blackgate Boneless Chump,Blackgate,,Premium,,,Chump,,Boneless,,Av 1kg,Per Kg,Per Kg,Chill,Yes,No,https://images.unsplash.com/photo-1607623814075-e51df1bdc82f?w=800,https://images.pexels.com/photos/1268549/pexels-photo-1268549.jpeg?w=800,https://images.unsplash.com/photo-1595777216528-071e0127ccf4?w=800,https://images.unsplash.com/photo-1544025162-d76694265947?w=800,24.99,5,23.74,5,10,22.49,10,20,21.24,15
LAMB,Leg,M327621,Australian Lamb Chumps,,Australian,Standard,,,Chump,,,Av 2kg,Per Kg,Per Kg,Chill,Yes,No,https://images.unsplash.com/photo-1607623814075-e51df1bdc82f?w=800,https://images.pexels.com/photos/1268549/pexels-photo-1268549.jpeg?w=800,https://images.unsplash.com/photo-1595777216528-071e0127ccf4?w=800,https://images.unsplash.com/photo-1544025162-d76694265947?w=800,16.99,5,16.14,5,10,15.29,10,25,14.44,15
LAMB,Leg,M239283,Welsh Boneless Chump,,Welsh,Premium,,,Chump,,Boneless,,Av 2kg,Per Kg,Per Kg,Chill,Yes,No,https://images.unsplash.com/photo-1607623814075-e51df1bdc82f?w=800,https://images.pexels.com/photos/1268549/pexels-photo-1268549.jpeg?w=800,https://images.unsplash.com/photo-1595777216528-071e0127ccf4?w=800,https://images.unsplash.com/photo-1544025162-d76694265947?w=800,23.99,5,22.79,5,10,21.59,10,20,20.39,15
LAMB,Leg,M753699,Boneless Lamb Chump,,,,,,Chump,,Boneless,,Av 2kg,Per Kg,Per Kg,Frozen,Yes,No,https://images.unsplash.com/photo-1607623814075-e51df1bdc82f?w=800,https://images.pexels.com/photos/1268549/pexels-photo-1268549.jpeg?w=800,https://images.unsplash.com/photo-1595777216528-071e0127ccf4?w=800,https://images.unsplash.com/photo-1544025162-d76694265947?w=800,14.99,5,14.24,5,10,13.49,10,25,12.74,15
LAMB,Leg,M473100,Lamb Shanks,,,,,,Lamb Shank,,,Av 1kg,Per Kg,Per Kg,Chill,Yes,No,https://images.unsplash.com/photo-1607623814075-e51df1bdc82f?w=800,https://images.pexels.com/photos/1268549/pexels-photo-1268549.jpeg?w=800,https://images.unsplash.com/photo-1595777216528-071e0127ccf4?w=800,https://images.unsplash.com/photo-1544025162-d76694265947?w=800,13.99,5,13.29,5,10,12.59,10,20,11.89,15
LAMB,Leg,M753673,Large Hind Shank,,,,,,Hind Shank,,,Av 1.3kg,Per Kg,Per Kg,Frozen,Yes,No,https://images.unsplash.com/photo-1607623814075-e51df1bdc82f?w=800,https://images.pexels.com/photos/1268549/pexels-photo-1268549.jpeg?w=800,https://images.unsplash.com/photo-1595777216528-071e0127ccf4?w=800,https://images.unsplash.com/photo-1544025162-d76694265947?w=800,11.99,5,11.39,5,10,10.79,10,20,10.19,15
LAMB,Leg,M575280,Small Hind Shank,,,,,,Hind Shank,,,Av 1kg,Per Kg,Per Kg,Frozen,Yes,No,https://images.unsplash.com/photo-1607623814075-e51df1bdc82f?w=800,https://images.pexels.com/photos/1268549/pexels-photo-1268549.jpeg?w=800,https://images.unsplash.com/photo-1595777216528-071e0127ccf4?w=800,https://images.unsplash.com/photo-1544025162-d76694265947?w=800,10.99,5,10.44,5,10,9.89,10,20,9.34,15
LAMB,Loin,M229158,Blackgate French Trimmed Lamb Rack,Blackgate,,Premium,,,Lamb Rack,,French Trimmed,,Av 1kg,Per Kg,Per Kg,Chill,Yes,No,https://images.unsplash.com/photo-1603073163308-9b4e6ad4f81b?w=800,https://images.pexels.com/photos/769289/pexels-photo-769289.jpeg?w=800,https://images.unsplash.com/photo-1588347818036-af5e5c6f7b57?w=800,https://images.unsplash.com/photo-1599365151156-c4617ab88f46?w=800,32.99,5,31.34,5,10,29.69,10,20,28.04,15
LAMB,Loin,M239076,Welsh French Trimmed Lamb Rack,,Welsh,Premium,,,Lamb Rack,,French Trimmed,,Av 1kg,Per Kg,Per Kg,Chill,Yes,No,https://images.unsplash.com/photo-1603073163308-9b4e6ad4f81b?w=800,https://images.pexels.com/photos/769289/pexels-photo-769289.jpeg?w=800,https://images.unsplash.com/photo-1588347818036-af5e5c6f7b57?w=800,https://images.unsplash.com/photo-1599365151156-c4617ab88f46?w=800,31.99,5,30.39,5,10,28.79,10,20,27.19,15
LAMB,Loin,M075518,French Trimmed Rack,,,,,,Lamb Rack,,French Trimmed,,Av 1kg,Per Kg,Per Kg,Frozen,Yes,No,https://images.unsplash.com/photo-1603073163308-9b4e6ad4f81b?w=800,https://images.pexels.com/photos/769289/pexels-photo-769289.jpeg?w=800,https://images.unsplash.com/photo-1588347818036-af5e5c6f7b57?w=800,https://images.unsplash.com/photo-1599365151156-c4617ab88f46?w=800,26.99,5,25.64,5,10,24.29,10,20,22.94,15
LAMB,Loin,M229159,Blackgate Lamb Best Ends,Blackgate,,Premium,,,Best End,,,Av 2kg,Per Kg,Per Kg,Chill,Yes,No,https://images.unsplash.com/photo-1607623814075-e51df1bdc82f?w=800,https://images.pexels.com/photos/1268549/pexels-photo-1268549.jpeg?w=800,https://images.unsplash.com/photo-1595777216528-071e0127ccf4?w=800,https://images.unsplash.com/photo-1544025162-d76694265947?w=800,26.99,5,25.64,5,10,24.29,10,20,22.94,15
LAMB,Loin,M252725,Welsh Lamb Best End,,Welsh,Premium,,,Best End,,,Av 2kg,Per Kg,Per Kg,Chill,Yes,No,https://images.unsplash.com/photo-1607623814075-e51df1bdc82f?w=800,https://images.pexels.com/photos/1268549/pexels-photo-1268549.jpeg?w=800,https://images.unsplash.com/photo-1595777216528-071e0127ccf4?w=800,https://images.unsplash.com/photo-1544025162-d76694265947?w=800,25.99,5,24.69,5,10,23.39,10,20,22.09,15
LAMB,Loin,M229249,Blackgate Short Loin,Blackgate,,Premium,,,Short Loin,,,Av 2kg,Per Kg,Per Kg,Chill,Yes,No,https://images.unsplash.com/photo-1607623814075-e51df1bdc82f?w=800,https://images.pexels.com/photos/1268549/pexels-photo-1268549.jpeg?w=800,https://images.unsplash.com/photo-1595777216528-071e0127ccf4?w=800,https://images.unsplash.com/photo-1544025162-d76694265947?w=800,28.99,5,27.54,5,10,26.09,10,20,24.64,15
LAMB,Loin,M101991,Welsh Short Loin,,Welsh,Premium,,,Short Loin,,,Av 3kg,Per Kg,Per Kg,Chill,Yes,No,https://images.unsplash.com/photo-1607623814075-e51df1bdc82f?w=800,https://images.pexels.com/photos/1268549/pexels-photo-1268549.jpeg?w=800,https://images.unsplash.com/photo-1595777216528-071e0127ccf4?w=800,https://images.unsplash.com/photo-1544025162-d76694265947?w=800,27.99,5,26.59,5,10,25.19,10,20,23.79,15
LAMB,Loin,M480680,Lamb Racks/Loins,,,,,,Rack/Loin,,,Av 1kg,Per Kg,Per Kg,Frozen,Yes,No,https://images.unsplash.com/photo-1603073163308-9b4e6ad4f81b?w=800,https://images.pexels.com/photos/769289/pexels-photo-769289.jpeg?w=800,https://images.unsplash.com/photo-1588347818036-af5e5c6f7b57?w=800,https://images.unsplash.com/photo-1599365151156-c4617ab88f46?w=800,22.99,5,21.84,5,10,20.69,10,20,19.54,15
LAMB,Loin,M292354,Blackgate on the Bone Barnsley Chops,Blackgate,,Premium,,,Barnsley Chop,,Bone In,,Av 1.5kg,Per Kg,Per Kg,Chill,Yes,No,https://images.unsplash.com/photo-1529692236671-f1f6cf9683ba?w=800,https://images.pexels.com/photos/675951/pexels-photo-675951.jpeg?w=800,https://images.unsplash.com/photo-1588168334932-89b5fd8a76d0?w=800,https://images.unsplash.com/photo-1606851846180-d75b56108ab4?w=800,24.99,5,23.74,5,10,22.49,10,20,21.24,15
LAMB,Loin,M142584,Chef's Larder Loin Chops,Chef's Larder,,Standard,,,Loin Chop,,,1.5kg,6,Per Pack,Frozen,Yes,No,https://images.unsplash.com/photo-1529692236671-f1f6cf9683ba?w=800,https://images.pexels.com/photos/675951/pexels-photo-675951.jpeg?w=800,https://images.unsplash.com/photo-1588168334932-89b5fd8a76d0?w=800,https://images.unsplash.com/photo-1606851846180-d75b56108ab4?w=800,14.99,10,14.24,5,20,13.49,10,35,12.74,15
LAMB,Loin,M120588,Chef's Larder Lamb Chops,Chef's Larder,,Standard,,,Lamb Chop,,,1kg,4,Per Pack,Chill,Yes,No,https://images.unsplash.com/photo-1529692236671-f1f6cf9683ba?w=800,https://images.pexels.com/photos/675951/pexels-photo-675951.jpeg?w=800,https://images.unsplash.com/photo-1588168334932-89b5fd8a76d0?w=800,https://images.unsplash.com/photo-1606851846180-d75b56108ab4?w=800,16.99,5,16.14,5,10,15.29,10,20,14.44,15
LAMB,Shoulder,M229224,Blackgate Boneless Lamb Shoulder,Blackgate,,Premium,,,Lamb Shoulder,,Boneless,,Av 2kg,Per Kg,Per Kg,Chill,Yes,No,https://images.unsplash.com/photo-1607623488235-8afeb9e8d67b?w=800,https://images.pexels.com/photos/1639562/pexels-photo-1639562.jpeg?w=800,https://images.unsplash.com/photo-1602470520998-f4a52199a3d6?w=800,https://images.unsplash.com/photo-1529692236671-f1f6cf9683ba?w=800,22.99,5,21.84,5,10,20.69,10,20,19.54,15
LAMB,Shoulder,M253974,Welsh Boneless Lamb Shoulder,,Welsh,Premium,,,Lamb Shoulder,,Boneless,,Av 2kg,Per Kg,Per Kg,Chill,Yes,No,https://images.unsplash.com/photo-1607623488235-8afeb9e8d67b?w=800,https://images.pexels.com/photos/1639562/pexels-photo-1639562.jpeg?w=800,https://images.unsplash.com/photo-1602470520998-f4a52199a3d6?w=800,https://images.unsplash.com/photo-1529692236671-f1f6cf9683ba?w=800,21.99,5,20.89,5,10,19.79,10,20,18.69,15
LAMB,Shoulder,M229248,Blackgate Bone in Lamb Shoulder,Blackgate,,Premium,,,Lamb Shoulder,,Bone In,,Av 2kg,Per Kg,Per Kg,Chill,Yes,No,https://images.unsplash.com/photo-1607623488235-8afeb9e8d67b?w=800,https://images.pexels.com/photos/1639562/pexels-photo-1639562.jpeg?w=800,https://images.unsplash.com/photo-1602470520998-f4a52199a3d6?w=800,https://images.unsplash.com/photo-1529692236671-f1f6cf9683ba?w=800,19.99,5,18.99,5,10,17.99,10,20,16.99,15
LAMB,Shoulder,M253975,Welsh Bone in Lamb Shoulder,,Welsh,Premium,,,Lamb Shoulder,,Bone In,,Av 2kg,Per Kg,Per Kg,Chill,Yes,No,https://images.unsplash.com/photo-1607623488235-8afeb9e8d67b?w=800,https://images.pexels.com/photos/1639562/pexels-photo-1639562.jpeg?w=800,https://images.unsplash.com/photo-1602470520998-f4a52199a3d6?w=800,https://images.unsplash.com/photo-1529692236671-f1f6cf9683ba?w=800,18.99,5,18.04,5,10,17.09,10,20,16.14,15
LAMB,Shoulder,M651414,Neck Fillets,,,,,,Neck Fillet,,,Av 3kg,Per Kg,Per Kg,Frozen,Yes,No,https://images.unsplash.com/photo-1607623488235-8afeb9e8d67b?w=800,https://images.pexels.com/photos/1639562/pexels-photo-1639562.jpeg?w=800,https://images.unsplash.com/photo-1602470520998-f4a52199a3d6?w=800,https://images.unsplash.com/photo-1529692236671-f1f6cf9683ba?w=800,12.99,5,12.34,5,10,11.69,10,25,11.04,15
LAMB,Shoulder,M548330,Lamb Neck Fillet,,,,,,Neck Fillet,,,Av 3kg,Per Kg,Per Kg,Chill,Yes,No,https://images.unsplash.com/photo-1607623488235-8afeb9e8d67b?w=800,https://images.pexels.com/photos/1639562/pexels-photo-1639562.jpeg?w=800,https://images.unsplash.com/photo-1602470520998-f4a52199a3d6?w=800,https://images.unsplash.com/photo-1529692236671-f1f6cf9683ba?w=800,14.99,5,14.24,5,10,13.49,10,20,12.74,15
LAMB,Shoulder,M960344,Lamb Fronts,,,,,,Lamb Front,,,Av 7kg,Per Kg,Per Kg,Chill,Yes,No,https://images.unsplash.com/photo-1607623488235-8afeb9e8d67b?w=800,https://images.pexels.com/photos/1639562/pexels-photo-1639562.jpeg?w=800,https://images.unsplash.com/photo-1602470520998-f4a52199a3d6?w=800,https://images.unsplash.com/photo-1529692236671-f1f6cf9683ba?w=800,11.99,10,11.39,5,20,10.79,10,35,10.19,15
LAMB,Mince & Diced,M120586,Chef's Larder Lamb Mince,Chef's Larder,,Standard,,,Lamb Mince,,Minced,,1kg,4,Per Pack,Chill,Yes,No,https://images.unsplash.com/photo-1607623814075-e51df1bdc82f?w=800,https://images.pexels.com/photos/1268549/pexels-photo-1268549.jpeg?w=800,https://images.unsplash.com/photo-1595777216528-071e0127ccf4?w=800,https://images.unsplash.com/photo-1544025162-d76694265947?w=800,10.99,5,10.44,5,10,9.89,10,20,9.34,15
LAMB,Mince & Diced,M142586,Chef's Larder Mince Lamb,Chef's Larder,,Standard,,,Lamb Mince,,Minced,,2.5kg,6,Per Pack,Frozen,Yes,No,https://images.unsplash.com/photo-1607623814075-e51df1bdc82f?w=800,https://images.pexels.com/photos/1268549/pexels-photo-1268549.jpeg?w=800,https://images.unsplash.com/photo-1595777216528-071e0127ccf4?w=800,https://images.unsplash.com/photo-1544025162-d76694265947?w=800,8.99,10,8.54,5,20,8.09,10,35,7.64,15
LAMB,Mince & Diced,M259326,Minced Lamb 10% Fat,,,,,,Lamb Mince,10%,Minced,,Av 3kg,Per Kg,Per Kg,Chill,Yes,No,https://images.unsplash.com/photo-1607623814075-e51df1bdc82f?w=800,https://images.pexels.com/photos/1268549/pexels-photo-1268549.jpeg?w=800,https://images.unsplash.com/photo-1595777216528-071e0127ccf4?w=800,https://images.unsplash.com/photo-1544025162-d76694265947?w=800,12.99,5,12.34,5,10,11.69,10,25,11.04,15
LAMB,Mince & Diced,M253810,Minced Lamb 15% Fat,,,,,,Lamb Mince,15%,Minced,,Av 3kg,Per Kg,Per Kg,Chill,Yes,No,https://images.unsplash.com/photo-1607623814075-e51df1bdc82f?w=800,https://images.pexels.com/photos/1268549/pexels-photo-1268549.jpeg?w=800,https://images.unsplash.com/photo-1595777216528-071e0127ccf4?w=800,https://images.unsplash.com/photo-1544025162-d76694265947?w=800,11.99,5,11.39,5,10,10.79,10,25,10.19,15
LAMB,Mince & Diced,M253830,Minced Lamb 30% Fat,,,,,,Lamb Mince,30%,Minced,,Av 5kg,Per Kg,Per Kg,Chill,Yes,No,https://images.unsplash.com/photo-1607623814075-e51df1bdc82f?w=800,https://images.pexels.com/photos/1268549/pexels-photo-1268549.jpeg?w=800,https://images.unsplash.com/photo-1595777216528-071e0127ccf4?w=800,https://images.unsplash.com/photo-1544025162-d76694265947?w=800,9.99,10,9.49,5,20,8.99,10,35,8.49,15
LAMB,Mince & Diced,M142578,Chef's Larder Diced Lamb,Chef's Larder,,Standard,,,Diced Lamb,,Diced,,2kg,6,Per Pack,Frozen,Yes,No,https://images.unsplash.com/photo-1607623814075-e51df1bdc82f?w=800,https://images.pexels.com/photos/1268549/pexels-photo-1268549.jpeg?w=800,https://images.unsplash.com/photo-1595777216528-071e0127ccf4?w=800,https://images.unsplash.com/photo-1544025162-d76694265947?w=800,10.99,10,10.44,5,20,9.89,10,35,9.34,15
LAMB,Mince & Diced,M050396,Kitchen Ready Diced Lamb,,,,,,Diced Lamb,,Diced,,Av 2kg,Per Kg,Per Kg,Chill,Yes,No,https://images.unsplash.com/photo-1607623814075-e51df1bdc82f?w=800,https://images.pexels.com/photos/1268549/pexels-photo-1268549.jpeg?w=800,https://images.unsplash.com/photo-1595777216528-071e0127ccf4?w=800,https://images.unsplash.com/photo-1544025162-d76694265947?w=800,12.99,5,12.34,5,10,11.69,10,20,11.04,15
LAMB,Other,M960443,Whole Lamb Av 18kg,,,,,,Whole Lamb,,,Av 18kg,Per Kg,Per Kg,Chill,Yes,No,https://images.unsplash.com/photo-1607623814075-e51df1bdc82f?w=800,https://images.pexels.com/photos/1268549/pexels-photo-1268549.jpeg?w=800,https://images.unsplash.com/photo-1595777216528-071e0127ccf4?w=800,https://images.unsplash.com/photo-1544025162-d76694265947?w=800,14.99,10,14.24,5,20,13.49,10,35,12.74,15
LAMB,Other,M174486,Lamb Breasts (Vac pac),,,,,,Lamb Breast,,Vac Packed,,Av 2kg,Per Kg,Per Kg,Chill,Yes,No,https://images.unsplash.com/photo-1607623814075-e51df1bdc82f?w=800,https://images.pexels.com/photos/1268549/pexels-photo-1268549.jpeg?w=800,https://images.unsplash.com/photo-1595777216528-071e0127ccf4?w=800,https://images.unsplash.com/photo-1544025162-d76694265947?w=800,8.99,5,8.54,5,10,8.09,10,20,7.64,15
LAMB,Other,M960286,Lamb Breasts (Loose),,,,,,Lamb Breast,,Loose,,Av 5kg,Per Kg,Per Kg,Chill,Yes,No,https://images.unsplash.com/photo-1607623814075-e51df1bdc82f?w=800,https://images.pexels.com/photos/1268549/pexels-photo-1268549.jpeg?w=800,https://images.unsplash.com/photo-1595777216528-071e0127ccf4?w=800,https://images.unsplash.com/photo-1544025162-d76694265947?w=800,7.99,10,7.59,5,20,7.19,10,35,6.79,15
LAMB,Other,M304389,Lamb Souvlaki,,,,,,Lamb Souvlaki,,,5kg,Per Kg,Per Kg,Frozen,No,No,https://images.unsplash.com/photo-1607623814075-e51df1bdc82f?w=800,https://images.pexels.com/photos/1268549/pexels-photo-1268549.jpeg?w=800,https://images.unsplash.com/photo-1595777216528-071e0127ccf4?w=800,https://images.unsplash.com/photo-1544025162-d76694265947?w=800,11.99,10,11.39,5,20,10.79,10,35,10.19,15
LAMB,Offal,M264419,Lamb Liver,,,,,,Lamb Liver,,,Av1kg,Per Kg,Per Kg,Chill,Yes,No,https://images.unsplash.com/photo-1607623814075-e51df1bdc82f?w=800,https://images.pexels.com/photos/1268549/pexels-photo-1268549.jpeg?w=800,https://images.unsplash.com/photo-1595777216528-071e0127ccf4?w=800,https://images.unsplash.com/photo-1544025162-d76694265947?w=800,7.99,5,7.59,5,10,7.19,10,20,6.79,15
LAMB,Offal,M264423,Lamb Hearts,,,,,,Lamb Heart,,,Av1kg,Per Kg,Per Kg,Chill,Yes,No,https://images.unsplash.com/photo-1607623814075-e51df1bdc82f?w=800,https://images.pexels.com/photos/1268549/pexels-photo-1268549.jpeg?w=800,https://images.unsplash.com/photo-1595777216528-071e0127ccf4?w=800,https://images.unsplash.com/photo-1544025162-d76694265947?w=800,6.99,5,6.64,5,10,6.29,10,20,5.94,15
LAMB,Offal,M264425,Lamb Kidney,,,,,,Lamb Kidney,,,Av1kg,Per Kg,Per Kg,Chill,Yes,No,https://images.unsplash.com/photo-1607623814075-e51df1bdc82f?w=800,https://images.pexels.com/photos/1268549/pexels-photo-1268549.jpeg?w=800,https://images.unsplash.com/photo-1595777216528-071e0127ccf4?w=800,https://images.unsplash.com/photo-1544025162-d76694265947?w=800,7.49,5,7.12,5,10,6.74,10,20,6.37,15
MUTTON,Loin,M885244,Mutton Backstraps,,,,,,Mutton Backstrap,,,Av 1kg,Per Kg,Per Kg,Frozen,Yes,No,https://images.unsplash.com/photo-1607623814075-e51df1bdc82f?w=800,https://images.pexels.com/photos/1268549/pexels-photo-1268549.jpeg?w=800,https://images.unsplash.com/photo-1595777216528-071e0127ccf4?w=800,https://images.unsplash.com/photo-1544025162-d76694265947?w=800,12.99,5,12.34,5,10,11.69,10,20,11.04,15
MUTTON,Loin,M173173,Halal Mutton Backstraps,,,,,,Mutton Backstrap,,,Halal,Av 2kg,Per Kg,Per Kg,Chill,Yes,No,https://images.unsplash.com/photo-1607623814075-e51df1bdc82f?w=800,https://images.pexels.com/photos/1268549/pexels-photo-1268549.jpeg?w=800,https://images.unsplash.com/photo-1595777216528-071e0127ccf4?w=800,https://images.unsplash.com/photo-1544025162-d76694265947?w=800,14.49,5,13.77,5,10,13.04,10,20,12.32,15
MUTTON,Loin,M173174,Halal Mutton Fillets/Tenderloin,,,,,,Mutton Fillet,,,Halal,Av 1kg,Per Kg,Per Kg,Chill,Yes,No,https://images.unsplash.com/photo-1607623814075-e51df1bdc82f?w=800,https://images.pexels.com/photos/1268549/pexels-photo-1268549.jpeg?w=800,https://images.unsplash.com/photo-1595777216528-071e0127ccf4?w=800,https://images.unsplash.com/photo-1544025162-d76694265947?w=800,16.99,5,16.14,5,10,15.29,10,20,14.44,15
MUTTON,Leg,M753541,Boneless Mutton Legs,,,,,,Mutton Leg,,Boneless,,Av 2.2kg,Per Kg,Per Kg,Frozen,Yes,No,https://images.unsplash.com/photo-1607623814075-e51df1bdc82f?w=800,https://images.pexels.com/photos/1268549/pexels-photo-1268549.jpeg?w=800,https://images.unsplash.com/photo-1595777216528-071e0127ccf4?w=800,https://images.unsplash.com/photo-1544025162-d76694265947?w=800,11.99,5,11.39,5,10,10.79,10,25,10.19,15
MUTTON,Leg,M754150,Australian Boneless Mutton Leg,,Australian,Standard,,,Mutton Leg,,Boneless,,Av 4kg,Per Kg,Per Kg,Frozen,Yes,No,https://images.unsplash.com/photo-1607623814075-e51df1bdc82f?w=800,https://images.pexels.com/photos/1268549/pexels-photo-1268549.jpeg?w=800,https://images.unsplash.com/photo-1595777216528-071e0127ccf4?w=800,https://images.unsplash.com/photo-1544025162-d76694265947?w=800,10.99,10,10.44,5,20,9.89,10,35,9.34,15
MUTTON,Leg,M173162,Halal Mutton PAD Leg Muscles,,,,,,Mutton Leg Muscle,,PAD,Halal,Av 5kg,Per Kg,Per Kg,Chill,Yes,No,https://images.unsplash.com/photo-1607623814075-e51df1bdc82f?w=800,https://images.pexels.com/photos/1268549/pexels-photo-1268549.jpeg?w=800,https://images.unsplash.com/photo-1595777216528-071e0127ccf4?w=800,https://images.unsplash.com/photo-1544025162-d76694265947?w=800,12.49,10,11.87,5,20,11.24,10,35,10.62,15
MUTTON,Leg,M173175,Halal Mutton Boneless Legs,,,,,,Mutton Leg,,Boneless,Halal,Av 3kg,Per Kg,Per Kg,Chill,Yes,No,https://images.unsplash.com/photo-1607623814075-e51df1bdc82f?w=800,https://images.pexels.com/photos/1268549/pexels-photo-1268549.jpeg?w=800,https://images.unsplash.com/photo-1595777216528-071e0127ccf4?w=800,https://images.unsplash.com/photo-1544025162-d76694265947?w=800,13.99,5,13.29,5,10,12.59,10,20,11.89,15
MUTTON,Leg,M174914,Halal Mutton Carvery Legs,,,,,,Mutton Leg,,Carvery,Halal,Av 3kg,Per Kg,Per Kg,Chill,Yes,No,https://images.unsplash.com/photo-1607623814075-e51df1bdc82f?w=800,https://images.pexels.com/photos/1268549/pexels-photo-1268549.jpeg?w=800,https://images.unsplash.com/photo-1595777216528-071e0127ccf4?w=800,https://images.unsplash.com/photo-1544025162-d76694265947?w=800,14.49,5,13.77,5,10,13.04,10,20,12.32,15
MUTTON,Shoulder,M173176,Halal Mutton Neck Fillets,,,,,,Mutton Neck Fillet,,,Halal,Av 2kg,Per Kg,Per Kg,Chill,Yes,No,https://images.unsplash.com/photo-1607623814075-e51df1bdc82f?w=800,https://images.pexels.com/photos/1268549/pexels-photo-1268549.jpeg?w=800,https://images.unsplash.com/photo-1595777216528-071e0127ccf4?w=800,https://images.unsplash.com/photo-1544025162-d76694265947?w=800,11.99,5,11.39,5,10,10.79,10,20,10.19,15
MUTTON,Shoulder,M173139,Halal Boneless Mutton Shoulder,,,,,,Mutton Shoulder,,Boneless,Halal,Av 3kg,Per Kg,Per Kg,Chill,Yes,No,https://images.unsplash.com/photo-1607623814075-e51df1bdc82f?w=800,https://images.pexels.com/photos/1268549/pexels-photo-1268549.jpeg?w=800,https://images.unsplash.com/photo-1595777216528-071e0127ccf4?w=800,https://images.unsplash.com/photo-1544025162-d76694265947?w=800,10.99,5,10.44,5,10,9.89,10,25,9.34,15
PORK,Leg,M272298,Blackgate Boneless Pork Leg,Blackgate,,Premium,,,Pork Leg,,Boneless,,Av 3kg,Per Kg,Per Kg,Chill,No,No,https://images.unsplash.com/photo-1595777216528-071e0127ccf4?w=800,https://images.pexels.com/photos/1639562/pexels-photo-1639562.jpeg?w=800,https://images.unsplash.com/photo-1607623814075-e51df1bdc82f?w=800,https://images.unsplash.com/photo-1544025162-d76694265947?w=800,18.99,5,18.04,5,10,17.09,10,20,16.14,15
PORK,Leg,M081351,Pork Hocks Bone In,,,,,,Pork Hock,,Bone In,,Av 1kg,Per Kg,Per Kg,Chill,No,No,https://images.unsplash.com/photo-1595777216528-071e0127ccf4?w=800,https://images.pexels.com/photos/1639562/pexels-photo-1639562.jpeg?w=800,https://images.unsplash.com/photo-1607623814075-e51df1bdc82f?w=800,https://images.unsplash.com/photo-1544025162-d76694265947?w=800,8.99,5,8.54,5,10,8.09,10,20,7.64,15
PORK,Leg,M295523,Pork Leg Bone In (2 per case),,,,,,Pork Leg,,Bone In,,-,Per Kg,Per Kg,Chill,No,No,https://images.unsplash.com/photo-1595777216528-071e0127ccf4?w=800,https://images.pexels.com/photos/1639562/pexels-photo-1639562.jpeg?w=800,https://images.unsplash.com/photo-1607623814075-e51df1bdc82f?w=800,https://images.unsplash.com/photo-1544025162-d76694265947?w=800,12.99,5,12.34,5,10,11.69,10,20,11.04,15
PORK,Leg,M297669,Pork Leg Boneless,,,,,,Pork Leg,,Boneless,,-,Per Kg,Per Kg,Chill,No,No,https://images.unsplash.com/photo-1595777216528-071e0127ccf4?w=800,https://images.pexels.com/photos/1639562/pexels-photo-1639562.jpeg?w=800,https://images.unsplash.com/photo-1607623814075-e51df1bdc82f?w=800,https://images.unsplash.com/photo-1544025162-d76694265947?w=800,14.99,5,14.24,5,10,13.49,10,20,12.74,15
PORK,Loin,M272323,Blackgate French Trimmed Pork Rack,Blackgate,,Premium,,,Pork Rack,,French Trimmed,,Av 3kg,Per Kg,Per Kg,Chill,No,No,https://images.unsplash.com/photo-1588347818036-af5e5c6f7b57?w=800,https://images.pexels.com/photos/675951/pexels-photo-675951.jpeg?w=800,https://images.unsplash.com/photo-1606851846180-d75b56108ab4?w=800,https://images.unsplash.com/photo-1588168334932-89b5fd8a76d0?w=800,24.99,5,23.74,5,10,22.49,10,20,21.24,15
PORK,Loin,M272296,Blackgate Boneless Half Pork Loin,Blackgate,,Premium,,,Half Pork Loin,,Boneless,,Av 3kg,Per Kg,Per Kg,Chill,No,No,https://images.unsplash.com/photo-1588347818036-af5e5c6f7b57?w=800,https://images.pexels.com/photos/675951/pexels-photo-675951.jpeg?w=800,https://images.unsplash.com/photo-1606851846180-d75b56108ab4?w=800,https://images.unsplash.com/photo-1588168334932-89b5fd8a76d0?w=800,19.99,5,18.99,5,10,17.99,10,20,16.99,15
PORK,Loin,M272322,Blackgate Bonelesss Pork Loin,Blackgate,,Premium,,,Pork Loin,,Boneless,,Av 3kg,Per Kg,Per Kg,Chill,No,No,https://images.unsplash.com/photo-1588347818036-af5e5c6f7b57?w=800,https://images.pexels.com/photos/675951/pexels-photo-675951.jpeg?w=800,https://images.unsplash.com/photo-1606851846180-d75b56108ab4?w=800,https://images.unsplash.com/photo-1588168334932-89b5fd8a76d0?w=800,21.99,5,20.89,5,10,19.79,10,20,18.69,15
PORK,Loin,M236247,Boneless Pork Loins Rind Off,,,,,,Pork Loin,,Boneless Rind Off,,Av 5kg,Per Kg,Per Kg,Chill,No,No,https://images.unsplash.com/photo-1588347818036-af5e5c6f7b57?w=800,https://images.pexels.com/photos/675951/pexels-photo-675951.jpeg?w=800,https://images.unsplash.com/photo-1606851846180-d75b56108ab4?w=800,https://images.unsplash.com/photo-1588168334932-89b5fd8a76d0?w=800,16.99,5,16.14,5,10,15.29,10,25,14.44,15
PORK,Loin,M245466,Boneless Pork Loins Rind On,,,,,,Pork Loin,,Boneless Rind On,,Av 5kg,Per Kg,Per Kg,Chill,No,No,https://images.unsplash.com/photo-1588347818036-af5e5c6f7b57?w=800,https://images.pexels.com/photos/675951/pexels-photo-675951.jpeg?w=800,https://images.unsplash.com/photo-1606851846180-d75b56108ab4?w=800,https://images.unsplash.com/photo-1588168334932-89b5fd8a76d0?w=800,17.99,5,17.09,5,10,16.19,10,25,15.29,15
PORK,Loin,M270762,Rind on Bone in Pork Loin,,,,,,Pork Loin,,Rind On Bone In,,Av 3kg,Per Kg,Per Kg,Chill,No,No,https://images.unsplash.com/photo-1588347818036-af5e5c6f7b57?w=800,https://images.pexels.com/photos/675951/pexels-photo-675951.jpeg?w=800,https://images.unsplash.com/photo-1606851846180-d75b56108ab4?w=800,https://images.unsplash.com/photo-1588168334932-89b5fd8a76d0?w=800,15.99,5,15.19,5,10,14.39,10,20,13.59,15
PORK,Loin,M272324,Blackgate Pork Tenderloin,Blackgate,,Premium,,,Pork Tenderloin,,,Av 500g,Per Kg,Per Kg,Chill,No,No,https://images.unsplash.com/photo-1588347818036-af5e5c6f7b57?w=800,https://images.pexels.com/photos/675951/pexels-photo-675951.jpeg?w=800,https://images.unsplash.com/photo-1606851846180-d75b56108ab4?w=800,https://images.unsplash.com/photo-1588168334932-89b5fd8a76d0?w=800,26.99,5,25.64,5,10,24.29,10,20,22.94,15
PORK,Loin,M292618,The Tomapork - Pork Tomahawk Steak,,,Premium,,,Pork Tomahawk Steak,,Bone In,,Av 1.2kg,Per Kg,Per Kg,Chill,No,No,https://images.unsplash.com/photo-1588347818036-af5e5c6f7b57?w=800,https://images.pexels.com/photos/675951/pexels-photo-675951.jpeg?w=800,https://images.unsplash.com/photo-1606851846180-d75b56108ab4?w=800,https://images.unsplash.com/photo-1588168334932-89b5fd8a76d0?w=800,28.99,5,27.54,5,10,26.09,10,20,24.64,15
PORK,Loin,M142606,Chef's Larder Pork Loin Steaks,Chef's Larder,,Standard,,,Pork Loin Steak,,,1.9kg,6,Per Pack,Frozen,No,No,https://images.unsplash.com/photo-1588347818036-af5e5c6f7b57?w=800,https://images.pexels.com/photos/675951/pexels-photo-675951.jpeg?w=800,https://images.unsplash.com/photo-1606851846180-d75b56108ab4?w=800,https://images.unsplash.com/photo-1588168334932-89b5fd8a76d0?w=800,11.99,10,11.39,5,20,10.79,10,35,10.19,15
PORK,Loin,M295524,Pork Fillet,,,,,,Pork Fillet,,,-,Per Kg,Per Kg,Chill,No,No,https://images.unsplash.com/photo-1588347818036-af5e5c6f7b57?w=800,https://images.pexels.com/photos/675951/pexels-photo-675951.jpeg?w=800,https://images.unsplash.com/photo-1606851846180-d75b56108ab4?w=800,https://images.unsplash.com/photo-1588168334932-89b5fd8a76d0?w=800,18.99,5,18.04,5,10,17.09,10,20,16.14,15
PORK,Belly,M272299,Blackgate Bone in Pork Belly,Blackgate,,Premium,,,Pork Belly,,Bone In,,Av 3kg,Per Kg,Per Kg,Chill,No,No,https://images.unsplash.com/photo-1603073163308-9b4e6ad4f81b?w=800,https://images.pexels.com/photos/769289/pexels-photo-769289.jpeg?w=800,https://images.unsplash.com/photo-1599365151156-c4617ab88f46?w=800,https://images.unsplash.com/photo-1607623488235-8afeb9e8d67b?w=800,16.99,5,16.14,5,10,15.29,10,20,14.44,15
PORK,Belly,M283328,Rind on Bone in Pork Belly,,,,,,Pork Belly,,Rind On Bone In,,Av 6kg,Per Kg,Per Kg,Chill,No,No,https://images.unsplash.com/photo-1603073163308-9b4e6ad4f81b?w=800,https://images.pexels.com/photos/769289/pexels-photo-769289.jpeg?w=800,https://images.unsplash.com/photo-1599365151156-c4617ab88f46?w=800,https://images.unsplash.com/photo-1607623488235-8afeb9e8d67b?w=800,13.99,10,13.29,5,20,12.59,10,35,11.89,15
PORK,Shoulder,M272297,Blackgate Boneless Pork Shoulder,Blackgate,,Premium,,,Pork Shoulder,,Boneless,,AV 3kg,Per Kg,Per Kg,Chill,No,No,https://images.unsplash.com/photo-1529692236671-f1f6cf9683ba?w=800,https://images.pexels.com/photos/1268549/pexels-photo-1268549.jpeg?w=800,https://images.unsplash.com/photo-1602470520998-f4a52199a3d6?w=800,https://images.unsplash.com/photo-1595777216528-071e0127ccf4?w=800,14.99,5,14.24,5,10,13.49,10,20,12.74,15
PORK,Shoulder,M959650,Pork Bone in Shoulder,,,,,,Pork Shoulder,,Bone In,,Av 5kg,Per Kg,Per Kg,Chill,No,No,https://images.unsplash.com/photo-1529692236671-f1f6cf9683ba?w=800,https://images.pexels.com/photos/1268549/pexels-photo-1268549.jpeg?w=800,https://images.unsplash.com/photo-1602470520998-f4a52199a3d6?w=800,https://images.unsplash.com/photo-1595777216528-071e0127ccf4?w=800,11.99,10,11.39,5,20,10.79,10,35,10.19,15
PORK,Shoulder,M176428,Boneless Rindless British Pork Collar,,British,Standard,,,Pork Collar,,Boneless Rindless,,Av 3kg,Per Kg,Per Kg,Chill,No,No,https://images.unsplash.com/photo-1529692236671-f1f6cf9683ba?w=800,https://images.pexels.com/photos/1268549/pexels-photo-1268549.jpeg?w=800,https://images.unsplash.com/photo-1602470520998-f4a52199a3d6?w=800,https://images.unsplash.com/photo-1595777216528-071e0127ccf4?w=800,13.99,5,13.29,5,10,12.59,10,20,11.89,15
PORK,Shoulder,M018379,Pork Neck Fillet,,,,,,Pork Neck Fillet,,,13.6kg,1,Per Pack,Frozen,No,No,https://images.unsplash.com/photo-1529692236671-f1f6cf9683ba?w=800,https://images.pexels.com/photos/1268549/pexels-photo-1268549.jpeg?w=800,https://images.unsplash.com/photo-1602470520998-f4a52199a3d6?w=800,https://images.unsplash.com/photo-1595777216528-071e0127ccf4?w=800,10.99,10,10.44,5,20,9.89,10,35,9.34,15
PORK,Shoulder,M283402,Pork Boston Butt,,,,,,Pork Boston Butt,,,av 6kg,Per Kg,Per Kg,Chill,No,No,https://images.unsplash.com/photo-1529692236671-f1f6cf9683ba?w=800,https://images.pexels.com/photos/1268549/pexels-photo-1268549.jpeg?w=800,https://images.unsplash.com/photo-1602470520998-f4a52199a3d6?w=800,https://images.unsplash.com/photo-1595777216528-071e0127ccf4?w=800,12.99,10,12.34,5,20,11.69,10,35,11.04,15
PORK,Ribs,M018187,Standard Pork Ribs,,,,,,Pork Ribs,,,10kg,1,Per Pack,Frozen,No,No,https://images.unsplash.com/photo-1544025162-d76694265947?w=800,https://images.pexels.com/photos/1639562/pexels-photo-1639562.jpeg?w=800,https://images.unsplash.com/photo-1607623814075-e51df1bdc82f?w=800,https://images.unsplash.com/photo-1588347818036-af5e5c6f7b57?w=800,32.99,3,31.34,5,6,29.69,10,10,28.04,15
PORK,Ribs,M018188,Meaty Pork Belly Ribs,,,,,,Pork Belly Ribs,,,10kg,1,Per Pack,Frozen,No,No,https://images.unsplash.com/photo-1603073163308-9b4e6ad4f81b?w=800,https://images.pexels.com/photos/769289/pexels-photo-769289.jpeg?w=800,https://images.unsplash.com/photo-1599365151156-c4617ab88f46?w=800,https://images.unsplash.com/photo-1607623488235-8afeb9e8d67b?w=800,36.99,3,35.14,5,6,33.29,10,10,31.44,15
PORK,Ribs,M126819,Semi Meaty Pork Ribs,,,,,,Pork Ribs,,,10kg,1,Per Pack,Frozen,No,No,https://images.unsplash.com/photo-1544025162-d76694265947?w=800,https://images.pexels.com/photos/1639562/pexels-photo-1639562.jpeg?w=800,https://images.unsplash.com/photo-1607623814075-e51df1bdc82f?w=800,https://images.unsplash.com/photo-1588347818036-af5e5c6f7b57?w=800,29.99,3,28.49,5,6,26.99,10,10,25.49,15
PORK,Ribs,M163025,Pork Meaty Ribs,,,,,,Pork Ribs,,,Av 1kg,Per Kg,Per Kg,Chill,No,No,https://images.unsplash.com/photo-1544025162-d76694265947?w=800,https://images.pexels.com/photos/1639562/pexels-photo-1639562.jpeg?w=800,https://images.unsplash.com/photo-1607623814075-e51df1bdc82f?w=800,https://images.unsplash.com/photo-1588347818036-af5e5c6f7b57?w=800,9.99,5,9.49,5,10,8.99,10,20,8.49,15
PORK,Ribs,M280272,Pork Baby Back Ribs,,,,,,Pork Baby Back Ribs,,,Av 2kg,Per Kg,Per Kg,Chill,No,No,https://images.unsplash.com/photo-1544025162-d76694265947?w=800,https://images.pexels.com/photos/1639562/pexels-photo-1639562.jpeg?w=800,https://images.unsplash.com/photo-1607623814075-e51df1bdc82f?w=800,https://images.unsplash.com/photo-1588347818036-af5e5c6f7b57?w=800,11.99,5,11.39,5,10,10.79,10,20,10.19,15
PORK,Ribs,M120874,Pork Loin Ribs,,,,,,Pork Loin Ribs,,,10kg,1,Per Pack,Frozen,No,No,https://images.unsplash.com/photo-1588347818036-af5e5c6f7b57?w=800,https://images.pexels.com/photos/675951/pexels-photo-675951.jpeg?w=800,https://images.unsplash.com/photo-1606851846180-d75b56108ab4?w=800,https://images.unsplash.com/photo-1588168334932-89b5fd8a76d0?w=800,34.99,3,33.24,5,6,31.49,10,10,29.74,15
PORK,Other,M235612,Suckling Pig,,,,,,Suckling Pig,,,8kg,1,Per Pack,Frozen,No,No,https://images.unsplash.com/photo-1588347818036-af5e5c6f7b57?w=800,https://images.pexels.com/photos/675951/pexels-photo-675951.jpeg?w=800,https://images.unsplash.com/photo-1606851846180-d75b56108ab4?w=800,https://images.unsplash.com/photo-1588168334932-89b5fd8a76d0?w=800,62.99,3,59.84,5,6,56.69,10,10,53.54,15
PORK,Other,M284835,Pork Mince 20% Fat,,,,,,Pork Mince,20%,Minced,,Av 5kg,Per Kg,Per Kg,Chill,No,No,https://images.unsplash.com/photo-1588347818036-af5e5c6f7b57?w=800,https://images.pexels.com/photos/675951/pexels-photo-675951.jpeg?w=800,https://images.unsplash.com/photo-1606851846180-d75b56108ab4?w=800,https://images.unsplash.com/photo-1588168334932-89b5fd8a76d0?w=800,8.99,10,8.54,5,20,8.09,10,35,7.64,15
PORK,Other,M304405,Pork Yeeros,,,,,,Pork Yeeros,,,4x1kg,1,Per Kg,Frozen,No,No,https://images.unsplash.com/photo-1588347818036-af5e5c6f7b57?w=800,https://images.pexels.com/photos/675951/pexels-photo-675951.jpeg?w=800,https://images.unsplash.com/photo-1606851846180-d75b56108ab4?w=800,https://images.unsplash.com/photo-1588168334932-89b5fd8a76d0?w=800,9.99,10,9.49,5,20,8.99,10,35,8.49,15
PORK,Other,M304421,Pork Neck Souvlaki,,,,,,Pork Neck Souvlaki,,,6.4kg,Per kg,Per kg,Frozen,No,No,https://images.unsplash.com/photo-1588347818036-af5e5c6f7b57?w=800,https://images.pexels.com/photos/675951/pexels-photo-675951.jpeg?w=800,https://images.unsplash.com/photo-1606851846180-d75b56108ab4?w=800,https://images.unsplash.com/photo-1588168334932-89b5fd8a76d0?w=800,10.99,10,10.44,5,20,9.89,10,35,9.34,15
PORK,Gammon Joint,M271632,Blackgate Triple Smoked Half Horseshoe Gammon,Blackgate,,Premium,,,Half Horseshoe Gammon,,Triple Smoked,,Av 2.5kg,Per Kg,Per Kg,Chill,No,No,https://images.unsplash.com/photo-1588168334932-89b5fd8a76d0?w=800,https://images.pexels.com/photos/675951/pexels-photo-675951.jpeg?w=800,https://images.unsplash.com/photo-1603073163308-9b4e6ad4f81b?w=800,https://images.unsplash.com/photo-1607623488235-8afeb9e8d67b?w=800,22.99,5,21.84,5,10,20.69,10,20,19.54,15
PORK,Gammon Joint,M175260,Chef's Larder Unsmoked Rind On Horseshoe Gammon,Chef's Larder,,Standard,,,Horseshoe Gammon,,Unsmoked Rind On,,Av 5kg,Per Kg,Per Kg,Chill,No,No,https://images.unsplash.com/photo-1588168334932-89b5fd8a76d0?w=800,https://images.pexels.com/photos/675951/pexels-photo-675951.jpeg?w=800,https://images.unsplash.com/photo-1603073163308-9b4e6ad4f81b?w=800,https://images.unsplash.com/photo-1607623488235-8afeb9e8d67b?w=800,14.99,10,14.24,5,20,13.49,10,35,12.74,15
PORK,Gammon Joint,M652222,Chef's Larder Unsmoked Half Horseshoe Gammon,Chef's Larder,,Standard,,,Half Horseshoe Gammon,,Unsmoked,,Av 3kg,Per Kg,Per Kg,Chill,No,No,https://images.unsplash.com/photo-1588168334932-89b5fd8a76d0?w=800,https://images.pexels.com/photos/675951/pexels-photo-675951.jpeg?w=800,https://images.unsplash.com/photo-1603073163308-9b4e6ad4f81b?w=800,https://images.unsplash.com/photo-1607623488235-8afeb9e8d67b?w=800,15.99,5,15.19,5,10,14.39,10,20,13.59,15
PORK,Gammon Joint,M289174,Carvery Gammon Joint,,,,,,Carvery Gammon Joint,,,Av 8kg,Per Kg,Per Kg,Chill,No,No,https://images.unsplash.com/photo-1588168334932-89b5fd8a76d0?w=800,https://images.pexels.com/photos/675951/pexels-photo-675951.jpeg?w=800,https://images.unsplash.com/photo-1603073163308-9b4e6ad4f81b?w=800,https://images.unsplash.com/photo-1607623488235-8afeb9e8d67b?w=800,16.99,10,16.14,5,20,15.29,10,35,14.44,15
PORK,Gammon Joint,M175256,Chef's Larder Unsmoked Skinless Cook in Bag Gammon,Chef's Larder,,Standard,,,Gammon,,Unsmoked Skinless Cook in Bag,,Av 9kg,Per Kg,Per Kg,Chill,No,No,https://images.unsplash.com/photo-1588168334932-89b5fd8a76d0?w=800,https://images.pexels.com/photos/675951/pexels-photo-675951.jpeg?w=800,https://images.unsplash.com/photo-1603073163308-9b4e6ad4f81b?w=800,https://images.unsplash.com/photo-1607623488235-8afeb9e8d67b?w=800,13.99,10,13.29,5,20,12.59,10,35,11.89,15
PORK,Gammon Steaks,M175279,Chef's Larder Unsmoked Rind on Gammon Steaks,Chef's Larder,,Standard,,,Gammon Steak,,Unsmoked Rind On,,2x227g,10,Per Pack,Chill,No,No,https://images.unsplash.com/photo-1588168334932-89b5fd8a76d0?w=800,https://images.pexels.com/photos/675951/pexels-photo-675951.jpeg?w=800,https://images.unsplash.com/photo-1603073163308-9b4e6ad4f81b?w=800,https://images.unsplash.com/photo-1607623488235-8afeb9e8d67b?w=800,16.99,10,16.14,5,20,15.29,10,35,14.44,15
PORK,Gammon Steaks,M239414,D Cut Rind On Horseshoe Gammon Steaks,,,,,,Horseshoe Gammon Steak,,D Cut Rind On,,5x170g,10,Per Pack,Chill,No,No,https://images.unsplash.com/photo-1588168334932-89b5fd8a76d0?w=800,https://images.pexels.com/photos/675951/pexels-photo-675951.jpeg?w=800,https://images.unsplash.com/photo-1603073163308-9b4e6ad4f81b?w=800,https://images.unsplash.com/photo-1607623488235-8afeb9e8d67b?w=800,18.99,10,18.04,5,20,17.09,10,35,16.14,15
PORK,Gammon Steaks,M239398,D Cut Rindless Horseshoe Gammon Steaks,,,,,,Horseshoe Gammon Steak,,D Cut Rindless,,4x225g,6,Per Pack,Chill,No,No,https://images.unsplash.com/photo-1588168334932-89b5fd8a76d0?w=800,https://images.pexels.com/photos/675951/pexels-photo-675951.jpeg?w=800,https://images.unsplash.com/photo-1603073163308-9b4e6ad4f81b?w=800,https://images.unsplash.com/photo-1607623488235-8afeb9e8d67b?w=800,19.99,10,18.99,5,20,17.99,10,35,16.99,15
PORK,Gammon Steaks,M198641,Gammon Steaks,,,,,,Gammon Steak,,,2x225g,10,Per Pack,Chill,No,No,https://images.unsplash.com/photo-1588168334932-89b5fd8a76d0?w=800,https://images.pexels.com/photos/675951/pexels-photo-675951.jpeg?w=800,https://images.unsplash.com/photo-1603073163308-9b4e6ad4f81b?w=800,https://images.unsplash.com/photo-1607623488235-8afeb9e8d67b?w=800,17.99,10,17.09,5,20,16.19,10,35,15.29,15
PORK,Gammon Steaks,M198621,Gammon Steaks,,,,,,Gammon Steak,,,5x225g,6,Per Pack,Chill,No,No,https://images.unsplash.com/photo-1588168334932-89b5fd8a76d0?w=800,https://images.pexels.com/photos/675951/pexels-photo-675951.jpeg?w=800,https://images.unsplash.com/photo-1603073163308-9b4e6ad4f81b?w=800,https://images.unsplash.com/photo-1607623488235-8afeb9e8d67b?w=800,22.99,10,21.84,5,20,20.69,10,35,19.54,15
PORK,Gammon Steaks,M095298,D Cut Gammon Steaks,,,,,,Gammon Steak,,D Cut,,2x225g,10,Per Pack,Chill,No,No,https://images.unsplash.com/photo-1588168334932-89b5fd8a76d0?w=800,https://images.pexels.com/photos/675951/pexels-photo-675951.jpeg?w=800,https://images.unsplash.com/photo-1603073163308-9b4e6ad4f81b?w=800,https://images.unsplash.com/photo-1607623488235-8afeb9e8d67b?w=800,18.49,10,17.57,5,20,16.64,10,35,15.72,15
PORK,Gammon Steaks,M198701,Gammon Steaks,,,,,,Gammon Steak,,,2x280g,10,Per Pack,Chill,No,No,https://images.unsplash.com/photo-1588168334932-89b5fd8a76d0?w=800,https://images.pexels.com/photos/675951/pexels-photo-675951.jpeg?w=800,https://images.unsplash.com/photo-1603073163308-9b4e6ad4f81b?w=800,https://images.unsplash.com/photo-1607623488235-8afeb9e8d67b?w=800,19.99,10,18.99,5,20,17.99,10,35,16.99,15
PORK,Gammon Steaks,M239396,D Cut Rindless Horseshoe Gammon Steaks,,,,,,Horseshoe Gammon Steak,,D Cut Rindless,,4x280g,6,Per Pack,Chill,No,No,https://images.unsplash.com/photo-1588168334932-89b5fd8a76d0?w=800,https://images.pexels.com/photos/675951/pexels-photo-675951.jpeg?w=800,https://images.unsplash.com/photo-1603073163308-9b4e6ad4f81b?w=800,https://images.unsplash.com/photo-1607623488235-8afeb9e8d67b?w=800,21.99,10,20.89,5,20,19.79,10,35,18.69,15
PORK,Gammon Steaks,M239411,D Cut Rind On Horseshoe Gammon Steaks,,,,,,Horseshoe Gammon Steak,,D Cut Rind On,,2x280g,15,Per Pack,Chill,No,No,https://images.unsplash.com/photo-1588168334932-89b5fd8a76d0?w=800,https://images.pexels.com/photos/675951/pexels-photo-675951.jpeg?w=800,https://images.unsplash.com/photo-1603073163308-9b4e6ad4f81b?w=800,https://images.unsplash.com/photo-1607623488235-8afeb9e8d67b?w=800,20.99,10,19.94,5,20,18.89,10,35,17.84,15
PORK,Gammon Steaks,M177722,Horseshoe Gammon Steaks,,,,,,Horseshoe Gammon Steak,,,4x340g,3,Per Pack,Chill,No,No,https://images.unsplash.com/photo-1588168334932-89b5fd8a76d0?w=800,https://images.pexels.com/photos/675951/pexels-photo-675951.jpeg?w=800,https://images.unsplash.com/photo-1603073163308-9b4e6ad4f81b?w=800,https://images.unsplash.com/photo-1607623488235-8afeb9e8d67b?w=800,24.99,5,23.74,5,10,22.49,10,20,21.24,15
PORK,Gammon Steaks,M290646,Bacon Chops,,,,,,Bacon Chop,,,908g,10,Per Pack,Chill,No,No,https://images.unsplash.com/photo-1528207776546-365bb710ee93?w=800,https://images.pexels.com/photos/1268549/pexels-photo-1268549.jpeg?w=800,https://images.unsplash.com/photo-1606851846180-d75b56108ab4?w=800,https://images.unsplash.com/photo-1599365151156-c4617ab88f46?w=800,14.99,10,14.24,5,20,13.49,10,35,12.74,15
PORK,Bacon Back,M147174,Chef's Essentials Unsmoked Back Bacon,Chef's Essentials,,Standard,,,Back Bacon,,Unsmoked,,2kg,5,Per Pack,Chill,No,Yes,https://images.unsplash.com/photo-1528207776546-365bb710ee93?w=800,https://images.pexels.com/photos/1268549/pexels-photo-1268549.jpeg?w=800,https://images.unsplash.com/photo-1606851846180-d75b56108ab4?w=800,https://images.unsplash.com/photo-1599365151156-c4617ab88f46?w=800,13.99,5,13.29,5,10,12.59,10,25,11.89,15
PORK,Bacon Back,M147176,Chef's Essentials Smoked Back Bacon,Chef's Essentials,,Standard,,,Back Bacon,,Smoked,,2kg,5,Per Pack,Chill,No,Yes,https://images.unsplash.com/photo-1528207776546-365bb710ee93?w=800,https://images.pexels.com/photos/1268549/pexels-photo-1268549.jpeg?w=800,https://images.unsplash.com/photo-1606851846180-d75b56108ab4?w=800,https://images.unsplash.com/photo-1599365151156-c4617ab88f46?w=800,14.49,5,13.77,5,10,13.04,10,25,12.32,15
PORK,Bacon Back,M115361,Chef's Larder Unsmoked Back Bacon,Chef's Larder,,Standard,,,Back Bacon,,Unsmoked,,2kg,5,Per Pack,Chill,No,Yes,https://images.unsplash.com/photo-1528207776546-365bb710ee93?w=800,https://images.pexels.com/photos/1268549/pexels-photo-1268549.jpeg?w=800,https://images.unsplash.com/photo-1606851846180-d75b56108ab4?w=800,https://images.unsplash.com/photo-1599365151156-c4617ab88f46?w=800,12.99,5,12.34,5,10,11.69,10,25,11.04,15
PORK,Bacon Back,M115363,Chef's Larder Smoked Back Bacon,Chef's Larder,,Standard,,,Back Bacon,,Smoked,,2kg,5,Per Pack,Chill,No,No,https://images.unsplash.com/photo-1528207776546-365bb710ee93?w=800,https://images.pexels.com/photos/1268549/pexels-photo-1268549.jpeg?w=800,https://images.unsplash.com/photo-1606851846180-d75b56108ab4?w=800,https://images.unsplash.com/photo-1599365151156-c4617ab88f46?w=800,13.49,5,12.82,5,10,12.14,10,25,11.47,15
PORK,Bacon Back,M115365,Chef's Larder Premium Danish Unsmoked Thick Cut Back Bacon,Chef's Larder,Danish,Premium,,,Back Bacon,,Unsmoked Thick Cut,,2kg,5,Per Pack,Chill,No,No,https://images.unsplash.com/photo-1528207776546-365bb710ee93?w=800,https://images.pexels.com/photos/1268549/pexels-photo-1268549.jpeg?w=800,https://images.unsplash.com/photo-1606851846180-d75b56108ab4?w=800,https://images.unsplash.com/photo-1599365151156-c4617ab88f46?w=800,18.99,5,18.04,5,10,17.09,10,25,16.14,15
PORK,Bacon Back,M115367,Chef's Larder Premium Danish Smoked Thick Cut Back Bacon,Chef's Larder,Danish,Premium,,,Back Bacon,,Smoked Thick Cut,,2kg,5,Per Pack,Chill,No,No,https://images.unsplash.com/photo-1528207776546-365bb710ee93?w=800,https://images.pexels.com/photos/1268549/pexels-photo-1268549.jpeg?w=800,https://images.unsplash.com/photo-1606851846180-d75b56108ab4?w=800,https://images.unsplash.com/photo-1599365151156-c4617ab88f46?w=800,19.49,5,18.52,5,10,17.54,10,25,16.57,15
PORK,Bacon Back,M303223,Just Bacon - Smoked Drycure Back Bacon,Just Bacon,,Standard,,,Back Bacon,,Smoked Drycure,,2kg,5,Per Pack,Chill,No,No,https://images.unsplash.com/photo-1528207776546-365bb710ee93?w=800,https://images.pexels.com/photos/1268549/pexels-photo-1268549.jpeg?w=800,https://images.unsplash.com/photo-1606851846180-d75b56108ab4?w=800,https://images.unsplash.com/photo-1599365151156-c4617ab88f46?w=800,14.99,5,14.24,5,10,13.49,10,25,12.74,15
PORK,Bacon Back,M303226,Just Bacon Unsmoked Drycure Bacon,Just Bacon,,Standard,,,Back Bacon,,Unsmoked Drycure,,4x2kg,4,Per Pack,Chill,No,No,https://images.unsplash.com/photo-1528207776546-365bb710ee93?w=800,https://images.pexels.com/photos/1268549/pexels-photo-1268549.jpeg?w=800,https://images.unsplash.com/photo-1606851846180-d75b56108ab4?w=800,https://images.unsplash.com/photo-1599365151156-c4617ab88f46?w=800,48.99,5,46.54,5,10,44.09,10,15,41.64,15
PORK,Bacon Back,M591440,Bacon Misshapes,,,,,,Bacon Misshapes,,,2.27kg,4,Per Pack,Chill,No,No,https://images.unsplash.com/photo-1528207776546-365bb710ee93?w=800,https://images.pexels.com/photos/1268549/pexels-photo-1268549.jpeg?w=800,https://images.unsplash.com/photo-1606851846180-d75b56108ab4?w=800,https://images.unsplash.com/photo-1599365151156-c4617ab88f46?w=800,9.99,5,9.49,5,10,8.99,10,20,8.49,15
PORK,Bacon Back,M299092,Volys Halal Turkey Bacon Rashers,Volys,,Standard,,,Turkey Bacon,,,Halal,1kg,4,Per Pack,Frozen,Yes,No,https://images.unsplash.com/photo-1528207776546-365bb710ee93?w=800,https://images.pexels.com/photos/1268549/pexels-photo-1268549.jpeg?w=800,https://images.unsplash.com/photo-1606851846180-d75b56108ab4?w=800,https://images.unsplash.com/photo-1599365151156-c4617ab88f46?w=800,11.99,5,11.39,5,10,10.79,10,20,10.19,15
PORK,Bacon Loin,M698332,Smoked Danish Bacon Back,,Danish,Standard,,,Bacon Back,,Smoked,,Av 5kg,Per Kg,Per Kg,Chill,No,No,https://images.unsplash.com/photo-1528207776546-365bb710ee93?w=800,https://images.pexels.com/photos/1268549/pexels-photo-1268549.jpeg?w=800,https://images.unsplash.com/photo-1606851846180-d75b56108ab4?w=800,https://images.unsplash.com/photo-1599365151156-c4617ab88f46?w=800,12.99,10,12.34,5,20,11.69,10,35,11.04,15
PORK,Bacon Loin,M661504,Unsmoked Danish Bacon Back,,Danish,Standard,,,Bacon Back,,Unsmoked,,Av 5kg,Per Kg,Per Kg,Chill,No,No,https://images.unsplash.com/photo-1528207776546-365bb710ee93?w=800,https://images.pexels.com/photos/1268549/pexels-photo-1268549.jpeg?w=800,https://images.unsplash.com/photo-1606851846180-d75b56108ab4?w=800,https://images.unsplash.com/photo-1599365151156-c4617ab88f46?w=800,11.99,10,11.39,5,20,10.79,10,35,10.19,15
PORK,Bacon Streaky,M061746,Chef's Larder Smoked Streaky Bacon,Chef's Larder,,Standard,,,Streaky Bacon,,Smoked,,Av 5kg,Per Kg,Per Kg,Chill,No,No,https://images.unsplash.com/photo-1528207776546-365bb710ee93?w=800,https://images.pexels.com/photos/1268549/pexels-photo-1268549.jpeg?w=800,https://images.unsplash.com/photo-1606851846180-d75b56108ab4?w=800,https://images.unsplash.com/photo-1599365151156-c4617ab88f46?w=800,11.99,10,11.39,5,20,10.79,10,35,10.19,15
PORK,Bacon Streaky,M061744,Chef's Larder Unsmoked Streaky Bacon,Chef's Larder,,Standard,,,Streaky Bacon,,Unsmoked,,Av 5kg,Per Kg,Per Kg,Chill,No,No,https://images.unsplash.com/photo-1528207776546-365bb710ee93?w=800,https://images.pexels.com/photos/1268549/pexels-photo-1268549.jpeg?w=800,https://images.unsplash.com/photo-1606851846180-d75b56108ab4?w=800,https://images.unsplash.com/photo-1599365151156-c4617ab88f46?w=800,10.99,10,10.44,5,20,9.89,10,35,9.34,15
CHICKEN,Breast,M137874,Corn Fed Chicken Supreme (200-230g),,,,,,Chicken Supreme,,Corn Fed,,800g,4,Per Pack,Chill,No,No,https://images.unsplash.com/photo-1604503468506-a8da13d82791?w=800,https://images.pexels.com/photos/2338407/pexels-photo-2338407.jpeg?w=800,https://images.unsplash.com/photo-1587593810167-a84920ea0781?w=800,https://images.unsplash.com/photo-1606744824163-985d376605aa?w=800,16.99,5,16.14,5,10,15.29,10,20,14.44,15
CHICKEN,Breast,M113897,Seara Salted Chicken Fillet (Honeycombe),Seara,,Standard,,,Chicken Breast Fillet,,Salted Honeycomb,,15Kg,1,Per Pack,Frozen,Yes,No,https://images.unsplash.com/photo-1604503468506-a8da13d82791?w=800,https://images.pexels.com/photos/2338407/pexels-photo-2338407.jpeg?w=800,https://images.unsplash.com/photo-1587593810167-a84920ea0781?w=800,https://images.unsplash.com/photo-1606744824163-985d376605aa?w=800,78.99,5,75.04,5,10,71.09,10,15,67.14,15
CHICKEN,Breast,M299482,Chicken Inner Fillet,,,,,,Inner Chicken Fillet,,,4x2.5Kg,1,Per Pack,Frozen,Yes,No,https://images.unsplash.com/photo-1604503468506-a8da13d82791?w=800,https://images.pexels.com/photos/2338407/pexels-photo-2338407.jpeg?w=800,https://images.unsplash.com/photo-1587593810167-a84920ea0781?w=800,https://images.unsplash.com/photo-1606744824163-985d376605aa?w=800,62.99,5,59.84,5,10,56.69,10,15,53.54,15
CHICKEN,Breast,M270117,PMJ Chicken Breast 90/120g,PMJ,,Standard,,,Chicken Breast,,,2x5kg,-,Per Pack,Chill,Yes,No,https://images.unsplash.com/photo-1604503468506-a8da13d82791?w=800,https://images.pexels.com/photos/2338407/pexels-photo-2338407.jpeg?w=800,https://images.unsplash.com/photo-1587593810167-a84920ea0781?w=800,https://images.unsplash.com/photo-1606744824163-985d376605aa?w=800,54.99,5,52.24,5,10,49.49,10,15,46.74,15
CHICKEN,Breast,M270119,PMJ Chicken Breast 130/150g,PMJ,,Standard,,,Chicken Breast,,,2x5kg,-,Per Pack,Chill,Yes,No,https://images.unsplash.com/photo-1604503468506-a8da13d82791?w=800,https://images.pexels.com/photos/2338407/pexels-photo-2338407.jpeg?w=800,https://images.unsplash.com/photo-1587593810167-a84920ea0781?w=800,https://images.unsplash.com/photo-1606744824163-985d376605aa?w=800,56.99,5,54.14,5,10,51.29,10,15,48.44,15
CHICKEN,Breast,M270123,PMJ Chicken Breast 150/170g,PMJ,,Standard,,,Chicken Breast,,,2x5kg,-,Per Pack,Chill,Yes,No,https://images.unsplash.com/photo-1604503468506-a8da13d82791?w=800,https://images.pexels.com/photos/2338407/pexels-photo-2338407.jpeg?w=800,https://images.unsplash.com/photo-1587593810167-a84920ea0781?w=800,https://images.unsplash.com/photo-1606744824163-985d376605aa?w=800,58.99,5,56.04,5,10,53.09,10,15,50.14,15
CHICKEN,Cooked,M203974,Steam Cooked Chicken Breast Fillet,,,,,,Chicken Breast Fillet,,Steam Cooked,,10kg,1,Per Pack,Frozen,Yes,No,https://images.unsplash.com/photo-1604503468506-a8da13d82791?w=800,https://images.pexels.com/photos/2338407/pexels-photo-2338407.jpeg?w=800,https://images.unsplash.com/photo-1587593810167-a84920ea0781?w=800,https://images.unsplash.com/photo-1606744824163-985d376605aa?w=800,68.99,5,65.54,5,10,62.09,10,15,58.64,15
CHICKEN,Cooked,M225878,Steam Cooked Diced Chicken 12mm,,,,,,Diced Chicken,,Steam Cooked 12mm,,10kg,1,Per Pack,Frozen,Yes,No,https://images.unsplash.com/photo-1604503468506-a8da13d82791?w=800,https://images.pexels.com/photos/2338407/pexels-photo-2338407.jpeg?w=800,https://images.unsplash.com/photo-1587593810167-a84920ea0781?w=800,https://images.unsplash.com/photo-1606744824163-985d376605aa?w=800,64.99,5,61.74,5,10,58.49,10,15,55.24,15
CHICKEN,Cooked,M295283,Perdigao Whole Steam Cooked Chicken Fillet,Perdigao,,Standard,,,Chicken Breast Fillet,,Whole Steam Cooked,,10kg,1,Per Pack,Frozen,Yes,No,https://images.unsplash.com/photo-1604503468506-a8da13d82791?w=800,https://images.pexels.com/photos/2338407/pexels-photo-2338407.jpeg?w=800,https://images.unsplash.com/photo-1587593810167-a84920ea0781?w=800,https://images.unsplash.com/photo-1606744824163-985d376605aa?w=800,72.99,5,69.34,5,10,65.69,10,15,62.04,15
CHICKEN,Leg Meat,M150167,Chef's Essentials Boneless Skinless Thighs,Chef's Essentials,,Standard,,,Chicken Thigh,,Boneless Skinless,,2.5kg,4,Per Pack,Chill,Yes,Yes,https://images.unsplash.com/photo-1607623488235-8afeb9e8d67b?w=800,https://images.pexels.com/photos/2338407/pexels-photo-2338407.jpeg?w=800,https://images.unsplash.com/photo-1587593810167-a84920ea0781?w=800,https://images.unsplash.com/photo-1604503468506-a8da13d82791?w=800,12.99,5,12.34,5,10,11.69,10,20,11.04,15
CHICKEN,Leg Meat,M244796,British Chicken Thighs,,British,Standard,,,Chicken Thigh,,,2kg,4,Per Pack,Chill,No,No,https://images.unsplash.com/photo-1607623488235-8afeb9e8d67b?w=800,https://images.pexels.com/photos/2338407/pexels-photo-2338407.jpeg?w=800,https://images.unsplash.com/photo-1587593810167-a84920ea0781?w=800,https://images.unsplash.com/photo-1604503468506-a8da13d82791?w=800,11.99,5,11.39,5,10,10.79,10,20,10.19,15
CHICKEN,Leg Meat,M252786,Boneless/Skinless Diced Chicken Thigh Meat,,,,,,Chicken Thigh,,Boneless Skinless Diced,,2.5kg,4,Per Pack,Chill,Yes,No,https://images.unsplash.com/photo-1607623488235-8afeb9e8d67b?w=800,https://images.pexels.com/photos/2338407/pexels-photo-2338407.jpeg?w=800,https://images.unsplash.com/photo-1587593810167-a84920ea0781?w=800,https://images.unsplash.com/photo-1604503468506-a8da13d82791?w=800,13.49,5,12.82,5,10,12.14,10,20,11.47,15
CHICKEN,Leg Meat,M280359,Regal Farm Fresh Boneless Chicken Thighs,Regal Farm,,Standard,,,Chicken Thigh,,Fresh Boneless,,1kg,4,Per Pack,Chill,Yes,No,https://images.unsplash.com/photo-1607623488235-8afeb9e8d67b?w=800,https://images.pexels.com/photos/2338407/pexels-photo-2338407.jpeg?w=800,https://images.unsplash.com/photo-1587593810167-a84920ea0781?w=800,https://images.unsplash.com/photo-1604503468506-a8da13d82791?w=800,10.99,5,10.44,5,10,9.89,10,20,9.34,15
CHICKEN,Leg Meat,M260929,British Halal Bulk Oyster Thighs,,British,Standard,,,Oyster Thigh,,,Halal,Av 2kg,Per Kg,Per Kg,Chill,Yes,No,https://images.unsplash.com/photo-1607623488235-8afeb9e8d67b?w=800,https://images.pexels.com/photos/2338407/pexels-photo-2338407.jpeg?w=800,https://images.unsplash.com/photo-1587593810167-a84920ea0781?w=800,https://images.unsplash.com/photo-1604503468506-a8da13d82791?w=800,12.49,5,11.87,5,10,11.24,10,20,10.62,15
CHICKEN,Leg Meat,M270056,Skin On Boneless Thighs,,,,,,Chicken Thigh,,Skin On Boneless,,2.5kg,4,Per Pack,Chill,Yes,No,https://images.unsplash.com/photo-1607623488235-8afeb9e8d67b?w=800,https://images.pexels.com/photos/2338407/pexels-photo-2338407.jpeg?w=800,https://images.unsplash.com/photo-1587593810167-a84920ea0781?w=800,https://images.unsplash.com/photo-1604503468506-a8da13d82791?w=800,11.99,5,11.39,5,10,10.79,10,20,10.19,15
CHICKEN,Leg Meat,M184954,Chef's Larder Oyster Cut Chicken Thighs,Chef's Larder,,Standard,,,Oyster Cut Chicken Thigh,,,2.5kg,4,Per Pack,Frozen,Yes,No,https://images.unsplash.com/photo-1607623488235-8afeb9e8d67b?w=800,https://images.pexels.com/photos/2338407/pexels-photo-2338407.jpeg?w=800,https://images.unsplash.com/photo-1587593810167-a84920ea0781?w=800,https://images.unsplash.com/photo-1604503468506-a8da13d82791?w=800,9.99,10,9.49,5,20,8.99,10,35,8.49,15
CHICKEN,Leg Meat,M244799,British Chicken Drumsticks,,British,Standard,,,Chicken Drumstick,,,2kg,4,Per Pack,Chill,No,No,https://images.unsplash.com/photo-1607623488235-8afeb9e8d67b?w=800,https://images.pexels.com/photos/2338407/pexels-photo-2338407.jpeg?w=800,https://images.unsplash.com/photo-1587593810167-a84920ea0781?w=800,https://images.unsplash.com/photo-1604503468506-a8da13d82791?w=800,8.99,5,8.54,5,10,8.09,10,20,7.64,15
CHICKEN,Leg Meat,M260944,British Halal Bulk Drumsticks,,British,Standard,,,Chicken Drumstick,,,Halal,Av 2kg,Per Kg,Per Kg,Chill,Yes,No,https://images.unsplash.com/photo-1607623488235-8afeb9e8d67b?w=800,https://images.pexels.com/photos/2338407/pexels-photo-2338407.jpeg?w=800,https://images.unsplash.com/photo-1587593810167-a84920ea0781?w=800,https://images.unsplash.com/photo-1604503468506-a8da13d82791?w=800,9.49,5,9.02,5,10,8.54,10,20,8.07,15
CHICKEN,Leg Meat,M184951,Chef's Larder Chicken Drumsticks,Chef's Larder,,Standard,,,Chicken Drumstick,,,2.5kg,4,Per Pack,Frozen,Yes,No,https://images.unsplash.com/photo-1607623488235-8afeb9e8d67b?w=800,https://images.pexels.com/photos/2338407/pexels-photo-2338407.jpeg?w=800,https://images.unsplash.com/photo-1587593810167-a84920ea0781?w=800,https://images.unsplash.com/photo-1604503468506-a8da13d82791?w=800,7.99,10,7.59,5,20,7.19,10,35,6.79,15
CHICKEN,Leg Meat,M187238,Chef's Essentials Chicken Leg Quarters,Chef's Essentials,,Standard,,,Chicken Leg Quarter,,,5kg,2,Per Pack,Frozen,Yes,No,https://images.unsplash.com/photo-1607623488235-8afeb9e8d67b?w=800,https://images.pexels.com/photos/2338407/pexels-photo-2338407.jpeg?w=800,https://images.unsplash.com/photo-1587593810167-a84920ea0781?w=800,https://images.unsplash.com/photo-1604503468506-a8da13d82791?w=800,22.99,5,21.84,5,10,20.69,10,20,19.54,15
CHICKEN,Leg Meat,M244865,Chicken Leg Quarters,,,,,,Chicken Leg Quarter,,,1.6kg,6,Per Pack,Chill,No,No,https://images.unsplash.com/photo-1607623488235-8afeb9e8d67b?w=800,https://images.pexels.com/photos/2338407/pexels-photo-2338407.jpeg?w=800,https://images.unsplash.com/photo-1587593810167-a84920ea0781?w=800,https://images.unsplash.com/photo-1604503468506-a8da13d82791?w=800,7.99,5,7.59,5,10,7.19,10,20,6.79,15
CHICKEN,Leg Meat,M260946,British Halal Bulk Leg Quarters,,British,Standard,,,Chicken Leg Quarter,,,Halal,Av 2kg,Per Kg,Per Kg,Chill,Yes,No,https://images.unsplash.com/photo-1607623488235-8afeb9e8d67b?w=800,https://images.pexels.com/photos/2338407/pexels-photo-2338407.jpeg?w=800,https://images.unsplash.com/photo-1587593810167-a84920ea0781?w=800,https://images.unsplash.com/photo-1604503468506-a8da13d82791?w=800,8.49,5,8.07,5,10,7.64,10,20,7.22,15
CHICKEN,Leg Meat,M270036,Skin off boneless Chicken Legs,,,,,,Chicken Leg,,Skin Off Boneless,,5kg,2,Per Pack,Chill,Yes,No,https://images.unsplash.com/photo-1607623488235-8afeb9e8d67b?w=800,https://images.pexels.com/photos/2338407/pexels-photo-2338407.jpeg?w=800,https://images.unsplash.com/photo-1587593810167-a84920ea0781?w=800,https://images.unsplash.com/photo-1604503468506-a8da13d82791?w=800,28.99,5,27.54,5,10,26.09,10,20,24.64,15
CHICKEN,Leg Meat,M270038,Skin on boneless Chicken Legs,,,,,,Chicken Leg,,Skin On Boneless,,5kg,2,Per Pack,Chill,Yes,No,https://images.unsplash.com/photo-1607623488235-8afeb9e8d67b?w=800,https://images.pexels.com/photos/2338407/pexels-photo-2338407.jpeg?w=800,https://images.unsplash.com/photo-1587593810167-a84920ea0781?w=800,https://images.unsplash.com/photo-1604503468506-a8da13d82791?w=800,26.99,5,25.64,5,10,24.29,10,20,22.94,15
CHICKEN,Wings,M187235,Chef's Essentials 3 Joint Chicken Wings,Chef's Essentials,,Standard,,,3 Joint Chicken Wing,,,2kg,6,Per Pack,Frozen,Yes,No,https://images.unsplash.com/photo-1606744824163-985d376605aa?w=800,https://images.pexels.com/photos/60616/fried-chicken-chicken-fried-crunchy-60616.jpeg?w=800,https://images.unsplash.com/photo-1527477396000-e27163b481c2?w=800,https://images.unsplash.com/photo-1585238341710-886a75e1ede4?w=800,8.99,10,8.54,5,20,8.09,10,35,7.64,15
CHICKEN,Wings,M260947,British Halal Bulk 3 Joint Wings,,British,Standard,,,3 Joint Chicken Wing,,,Halal,1.6kg,6,Per Pack,Chill,Yes,No,https://images.unsplash.com/photo-1606744824163-985d376605aa?w=800,https://images.pexels.com/photos/60616/fried-chicken-chicken-fried-crunchy-60616.jpeg?w=800,https://images.unsplash.com/photo-1527477396000-e27163b481c2?w=800,https://images.unsplash.com/photo-1585238341710-886a75e1ede4?w=800,7.99,5,7.59,5,10,7.19,10,20,6.79,15
CHICKEN,Wings,M249285,3 Joint Chicken Wings,,,,,,3 Joint Chicken Wing,,,1.9kg,5,Per Pack,Chill,Yes,No,https://images.unsplash.com/photo-1606744824163-985d376605aa?w=800,https://images.pexels.com/photos/60616/fried-chicken-chicken-fried-crunchy-60616.jpeg?w=800,https://images.unsplash.com/photo-1527477396000-e27163b481c2?w=800,https://images.unsplash.com/photo-1585238341710-886a75e1ede4?w=800,7.49,5,7.12,5,10,6.74,10,20,6.37,15
CHICKEN,Wings,M184936,Chef's Larder 2 Joint Chicken Wings,Chef's Larder,,Standard,,,2 Joint Chicken Wing,,,2.5kg,4,Per Pack,Frozen,Yes,No,https://images.unsplash.com/photo-1606744824163-985d376605aa?w=800,https://images.pexels.com/photos/60616/fried-chicken-chicken-fried-crunchy-60616.jpeg?w=800,https://images.unsplash.com/photo-1527477396000-e27163b481c2?w=800,https://images.unsplash.com/photo-1585238341710-886a75e1ede4?w=800,8.49,10,8.07,5,20,7.64,10,35,7.22,15
CHICKEN,Wings,M253057,2 Joint Chicken Wings,,,,,,2 Joint Chicken Wing,,,2.5kg,14,Per Pack,Chill,Yes,No,https://images.unsplash.com/photo-1606744824163-985d376605aa?w=800,https://images.pexels.com/photos/60616/fried-chicken-chicken-fried-crunchy-60616.jpeg?w=800,https://images.unsplash.com/photo-1527477396000-e27163b481c2?w=800,https://images.unsplash.com/photo-1585238341710-886a75e1ede4?w=800,14.99,10,14.24,5,20,13.49,10,35,12.74,15
CHICKEN,Wings,M097455,Mid Joint Chicken Wings (Bulk),,,,,,Mid Joint Chicken Wing,,,Av 1.6,Per Kg,Per Kg,Chill,No,No,https://images.unsplash.com/photo-1606744824163-985d376605aa?w=800,https://images.pexels.com/photos/60616/fried-chicken-chicken-fried-crunchy-60616.jpeg?w=800,https://images.unsplash.com/photo-1527477396000-e27163b481c2?w=800,https://images.unsplash.com/photo-1585238341710-886a75e1ede4?w=800,6.99,5,6.64,5,10,6.29,10,20,5.94,15
CHICKEN,Wings,M269299,British Halal Bulk Mid Joint Wings,,British,Standard,,,Mid Joint Chicken Wing,,,Halal,Av 1.3k,Per Kg,Per Kg,Chill,Yes,No,https://images.unsplash.com/photo-1606744824163-985d376605aa?w=800,https://images.pexels.com/photos/60616/fried-chicken-chicken-fried-crunchy-60616.jpeg?w=800,https://images.unsplash.com/photo-1527477396000-e27163b481c2?w=800,https://images.unsplash.com/photo-1585238341710-886a75e1ede4?w=800,7.49,5,7.12,5,10,6.74,10,20,6.37,15
CHICKEN,Wings,M857755,Prime Chicken Wings (Bulk),,,,,,Prime Chicken Wing,,,Av 1.5kg,Per Kg,Per Kg,Chill,Yes,No,https://images.unsplash.com/photo-1606744824163-985d376605aa?w=800,https://images.pexels.com/photos/60616/fried-chicken-chicken-fried-crunchy-60616.jpeg?w=800,https://images.unsplash.com/photo-1527477396000-e27163b481c2?w=800,https://images.unsplash.com/photo-1585238341710-886a75e1ede4?w=800,7.99,5,7.59,5,10,7.19,10,20,6.79,15
CHICKEN,Wings,M269905,Skinless Prime Chicken Wings,,,,,,Prime Chicken Wing,,Skinless,,Av 1.8kg,Per Kg,Per Kg,Chill,Yes,No,https://images.unsplash.com/photo-1606744824163-985d376605aa?w=800,https://images.pexels.com/photos/60616/fried-chicken-chicken-fried-crunchy-60616.jpeg?w=800,https://images.unsplash.com/photo-1527477396000-e27163b481c2?w=800,https://images.unsplash.com/photo-1585238341710-886a75e1ede4?w=800,7.49,5,7.12,5,10,6.74,10,20,6.37,15
CHICKEN,Wings,M245039,Prime Chicken Wings,,,,,,Prime Chicken Wing,,,1kg,8,Per Pack,Chill,Yes,No,https://images.unsplash.com/photo-1606744824163-985d376605aa?w=800,https://images.pexels.com/photos/60616/fried-chicken-chicken-fried-crunchy-60616.jpeg?w=800,https://images.unsplash.com/photo-1527477396000-e27163b481c2?w=800,https://images.unsplash.com/photo-1585238341710-886a75e1ede4?w=800,6.99,5,6.64,5,10,6.29,10,20,5.94,15
CHICKEN,Whole Birds,M137867,Corn Fed Chicken,,,,,,Whole Chicken,,Corn Fed,,1.2kg,4,Per Pack,Chill,No,No,https://images.unsplash.com/photo-1587593810167-a84920ea0781?w=800,https://images.pexels.com/photos/2338407/pexels-photo-2338407.jpeg?w=800,https://images.unsplash.com/photo-1604503468506-a8da13d82791?w=800,https://images.unsplash.com/photo-1607623488235-8afeb9e8d67b?w=800,8.99,5,8.54,5,10,8.09,10,20,7.64,15
CHICKEN,Whole Birds,M244777,Tray Wrapped Chicken 1.6kg,,,,,,Whole Chicken,,Tray Wrapped,,1.6kg,6,Per Pack,Chill,No,No,https://images.unsplash.com/photo-1587593810167-a84920ea0781?w=800,https://images.pexels.com/photos/2338407/pexels-photo-2338407.jpeg?w=800,https://images.unsplash.com/photo-1604503468506-a8da13d82791?w=800,https://images.unsplash.com/photo-1607623488235-8afeb9e8d67b?w=800,7.99,5,7.59,5,10,7.19,10,20,6.79,15
CHICKEN,Whole Birds,M244779,Whole Chicken 1.8 - 2.2kg,,,,,,Whole Chicken,,,1.9kg,5,Per Pack,Chill,No,No,https://images.unsplash.com/photo-1587593810167-a84920ea0781?w=800,https://images.pexels.com/photos/2338407/pexels-photo-2338407.jpeg?w=800,https://images.unsplash.com/photo-1604503468506-a8da13d82791?w=800,https://images.unsplash.com/photo-1607623488235-8afeb9e8d67b?w=800,8.49,5,8.07,5,10,7.64,10,20,7.22,15
CHICKEN,Whole Birds,M269327,British Halal Naked Chicken 1.1 - 1.2kg,,British,Standard,,,Whole Chicken,,Naked,Halal,Av 1.5kg,Per Kg,Per Kg,Chill,Yes,No,https://images.unsplash.com/photo-1587593810167-a84920ea0781?w=800,https://images.pexels.com/photos/2338407/pexels-photo-2338407.jpeg?w=800,https://images.unsplash.com/photo-1604503468506-a8da13d82791?w=800,https://images.unsplash.com/photo-1607623488235-8afeb9e8d67b?w=800,6.99,5,6.64,5,10,6.29,10,20,5.94,15
CHICKEN,Whole Birds,M260925,British Halal Naked Chicken 1.2 - 1.3kg,,British,Standard,,,Whole Chicken,,Naked,Halal,Av 1.25,Per Kg,Per Kg,Chill,Yes,No,https://images.unsplash.com/photo-1587593810167-a84920ea0781?w=800,https://images.pexels.com/photos/2338407/pexels-photo-2338407.jpeg?w=800,https://images.unsplash.com/photo-1604503468506-a8da13d82791?w=800,https://images.unsplash.com/photo-1607623488235-8afeb9e8d67b?w=800,7.49,5,7.12,5,10,6.74,10,20,6.37,15
CHICKEN,Whole Birds,M263583,British Halal Naked Chicken 1.3 - 1.4kg,,British,Standard,,,Whole Chicken,,Naked,Halal,Av 1.3k,Per Kg,Per Kg,Chill,Yes,No,https://images.unsplash.com/photo-1587593810167-a84920ea0781?w=800,https://images.pexels.com/photos/2338407/pexels-photo-2338407.jpeg?w=800,https://images.unsplash.com/photo-1604503468506-a8da13d82791?w=800,https://images.unsplash.com/photo-1607623488235-8afeb9e8d67b?w=800,7.99,5,7.59,5,10,7.19,10,20,6.79,15
CHICKEN,Whole Birds,M260928,British Halal Naked Chicken 1.6 - 1.7kg,,British,Standard,,,Whole Chicken,,Naked,Halal,Av 1.6,Per Kg,Per Kg,Chill,Yes,No,https://images.unsplash.com/photo-1587593810167-a84920ea0781?w=800,https://images.pexels.com/photos/2338407/pexels-photo-2338407.jpeg?w=800,https://images.unsplash.com/photo-1604503468506-a8da13d82791?w=800,https://images.unsplash.com/photo-1607623488235-8afeb9e8d67b?w=800,8.49,5,8.07,5,10,7.64,10,20,7.22,15
CHICKEN,Whole Birds,M260926,British Halal Naked Chicken 2 - 2.2kg,,British,Standard,,,Whole Chicken,,Naked,Halal,Av 2kg,Per Kg,Per Kg,Chill,Yes,No,https://images.unsplash.com/photo-1587593810167-a84920ea0781?w=800,https://images.pexels.com/photos/2338407/pexels-photo-2338407.jpeg?w=800,https://images.unsplash.com/photo-1604503468506-a8da13d82791?w=800,https://images.unsplash.com/photo-1607623488235-8afeb9e8d67b?w=800,9.49,5,9.02,5,10,8.54,10,20,8.07,15
CHICKEN,Whole Birds,M093154,Whole Chicken (Grillers/Tandoori),,,,,,Whole Chicken,,Grillers/Tandoori,,1.2kg,10,Per Pack,Frozen,Yes,No,https://images.unsplash.com/photo-1587593810167-a84920ea0781?w=800,https://images.pexels.com/photos/2338407/pexels-photo-2338407.jpeg?w=800,https://images.unsplash.com/photo-1604503468506-a8da13d82791?w=800,https://images.unsplash.com/photo-1607623488235-8afeb9e8d67b?w=800,34.99,10,33.24,5,20,31.49,10,35,29.74,15
CHICKEN,Whole Birds,M137876,Whole Poussin,,,,,,Whole Poussin,,,450g,4,Per Pack,Chill,No,No,https://images.unsplash.com/photo-1587593810167-a84920ea0781?w=800,https://images.pexels.com/photos/2338407/pexels-photo-2338407.jpeg?w=800,https://images.unsplash.com/photo-1604503468506-a8da13d82791?w=800,https://images.unsplash.com/photo-1607623488235-8afeb9e8d67b?w=800,9.99,5,9.49,5,10,8.99,10,20,8.49,15
CHICKEN,Whole Birds,M111953,Whole Poussin,,,,,,Whole Poussin,,,2x450g,10,Per Pack,Frozen,No,No,https://images.unsplash.com/photo-1587593810167-a84920ea0781?w=800,https://images.pexels.com/photos/2338407/pexels-photo-2338407.jpeg?w=800,https://images.unsplash.com/photo-1604503468506-a8da13d82791?w=800,https://images.unsplash.com/photo-1607623488235-8afeb9e8d67b?w=800,42.99,10,40.84,5,20,38.69,10,35,36.54,15
CHICKEN,Whole Birds,M299849,9 way cut Chicken,,,,,,Chicken,,9 Way Cut,,-,Per Kg,Per Kg,Chill,No,No,https://images.unsplash.com/photo-1587593810167-a84920ea0781?w=800,https://images.pexels.com/photos/2338407/pexels-photo-2338407.jpeg?w=800,https://images.unsplash.com/photo-1604503468506-a8da13d82791?w=800,https://images.unsplash.com/photo-1607623488235-8afeb9e8d67b?w=800,7.99,5,7.59,5,10,7.19,10,20,6.79,15
CHICKEN,Other,M104352,Chicken Liver,,,,,,Chicken Liver,,,2kg,6,Per Pack,Frozen,No,No,https://images.unsplash.com/photo-1604503468506-a8da13d82791?w=800,https://images.pexels.com/photos/2338407/pexels-photo-2338407.jpeg?w=800,https://images.unsplash.com/photo-1587593810167-a84920ea0781?w=800,https://images.unsplash.com/photo-1606744824163-985d376605aa?w=800,6.99,10,6.64,5,20,6.29,10,35,5.94,15
CHICKEN,Other,M304408,Chicken Souvlaki,,,,,,Chicken Souvlaki,,,6.4kg,1,Per Kg,Frozen,Yes,No,https://images.unsplash.com/photo-1604503468506-a8da13d82791?w=800,https://images.pexels.com/photos/2338407/pexels-photo-2338407.jpeg?w=800,https://images.unsplash.com/photo-1587593810167-a84920ea0781?w=800,https://images.unsplash.com/photo-1606744824163-985d376605aa?w=800,32.99,5,31.34,5,10,29.69,10,15,28.04,15
CHICKEN,Other,M304423,Chicken Yeeros,,,,,,Chicken Yeeros,,,1kg,4,Per Kg,Frozen,Yes,No,https://images.unsplash.com/photo-1604503468506-a8da13d82791?w=800,https://images.pexels.com/photos/2338407/pexels-photo-2338407.jpeg?w=800,https://images.unsplash.com/photo-1587593810167-a84920ea0781?w=800,https://images.unsplash.com/photo-1606744824163-985d376605aa?w=800,8.99,5,8.54,5,10,8.09,10,20,7.64,15
POULTRY & GAME,Duck Breast,M165610,Gressingham Duck Breast 4x200g,Gressingham,,Premium,,,Duck Breast,,,4x200g,4,Per Pack,Chill,No,No,https://images.unsplash.com/photo-1587593810167-a84920ea0781?w=800,https://images.pexels.com/photos/4871119/pexels-photo-4871119.jpeg?w=800,https://images.unsplash.com/photo-1604503468506-a8da13d82791?w=800,https://images.unsplash.com/photo-1606744824163-985d376605aa?w=800,26.99,5,25.64,5,10,24.29,10,20,22.94,15
POULTRY & GAME,Duck Breast,M289889,Skin on Duck Breast,,,,,,Duck Breast,,Skin On,,350g,20,Per Pack,Frozen,No,No,https://images.unsplash.com/photo-1587593810167-a84920ea0781?w=800,https://images.pexels.com/photos/4871119/pexels-photo-4871119.jpeg?w=800,https://images.unsplash.com/photo-1604503468506-a8da13d82791?w=800,https://images.unsplash.com/photo-1606744824163-985d376605aa?w=800,82.99,10,78.84,5,20,74.69,10,35,70.54,15
POULTRY & GAME,Duck Breast,M052933,Gressingham Duck Breast Fillet,Gressingham,,Premium,,,Duck Breast Fillet,,,400g,25,Per Pack,Frozen,No,No,https://images.unsplash.com/photo-1587593810167-a84920ea0781?w=800,https://images.pexels.com/photos/4871119/pexels-photo-4871119.jpeg?w=800,https://images.unsplash.com/photo-1604503468506-a8da13d82791?w=800,https://images.unsplash.com/photo-1606744824163-985d376605aa?w=800,124.99,10,118.74,5,20,112.49,10,35,106.24,15
POULTRY & GAME,Duck Leg,M181133,Gressingham Duck Legs (170-250g),Gressingham,,Premium,,,Duck Leg,,,0.800g,6,Per Pack,Chill,No,No,https://images.unsplash.com/photo-1587593810167-a84920ea0781?w=800,https://images.pexels.com/photos/4871119/pexels-photo-4871119.jpeg?w=800,https://images.unsplash.com/photo-1604503468506-a8da13d82791?w=800,https://images.unsplash.com/photo-1606744824163-985d376605aa?w=800,16.99,5,16.14,5,10,15.29,10,20,14.44,15
POULTRY & GAME,Duck Leg,M137868,Gressingham Duck Legs (250-280g),Gressingham,,Premium,,,Duck Leg,,,500g,4,Per Pack,Chill,No,No,https://images.unsplash.com/photo-1587593810167-a84920ea0781?w=800,https://images.pexels.com/photos/4871119/pexels-photo-4871119.jpeg?w=800,https://images.unsplash.com/photo-1604503468506-a8da13d82791?w=800,https://images.unsplash.com/photo-1606744824163-985d376605aa?w=800,14.99,5,14.24,5,10,13.49,10,20,12.74,15
POULTRY & GAME,Duck Leg,M281515,Duck Legs,,,,,,Duck Leg,,,700g,16,Per Pack,Frozen,No,No,https://images.unsplash.com/photo-1587593810167-a84920ea0781?w=800,https://images.pexels.com/photos/4871119/pexels-photo-4871119.jpeg?w=800,https://images.unsplash.com/photo-1604503468506-a8da13d82791?w=800,https://images.unsplash.com/photo-1606744824163-985d376605aa?w=800,52.99,10,50.34,5,20,47.69,10,35,45.04,15
POULTRY & GAME,Duck Leg,M052927,Gressingham Duck Legs,Gressingham,,Premium,,,Duck Leg,,,1kg,10,Per Pack,Frozen,No,No,https://images.unsplash.com/photo-1587593810167-a84920ea0781?w=800,https://images.pexels.com/photos/4871119/pexels-photo-4871119.jpeg?w=800,https://images.unsplash.com/photo-1604503468506-a8da13d82791?w=800,https://images.unsplash.com/photo-1606744824163-985d376605aa?w=800,96.99,10,92.14,5,20,87.29,10,35,82.44,15
POULTRY & GAME,Duck Whole Birds,M122996,Gressingham Duck,Gressingham,,Premium,,,Whole Duck,,,1.7kg,4,Per Pack,Chill,No,No,https://images.unsplash.com/photo-1587593810167-a84920ea0781?w=800,https://images.pexels.com/photos/4871119/pexels-photo-4871119.jpeg?w=800,https://images.unsplash.com/photo-1604503468506-a8da13d82791?w=800,https://images.unsplash.com/photo-1606744824163-985d376605aa?w=800,24.99,5,23.74,5,10,22.49,10,20,21.24,15
POULTRY & GAME,Duck Whole Birds,M229321,Gressingham Duck,Gressingham,,Premium,,,Whole Duck,,,2.1kg,4,Per Pack,Chill,No,No,https://images.unsplash.com/photo-1587593810167-a84920ea0781?w=800,https://images.pexels.com/photos/4871119/pexels-photo-4871119.jpeg?w=800,https://images.unsplash.com/photo-1604503468506-a8da13d82791?w=800,https://images.unsplash.com/photo-1606744824163-985d376605aa?w=800,28.99,5,27.54,5,10,26.09,10,20,24.64,15
POULTRY & GAME,Duck Whole Birds,M697460,Oven Ready Duckling,,,,,,Oven Ready Duckling,,,2.6kg,6,Per Pack,Frozen,No,No,https://images.unsplash.com/photo-1587593810167-a84920ea0781?w=800,https://images.pexels.com/photos/4871119/pexels-photo-4871119.jpeg?w=800,https://images.unsplash.com/photo-1604503468506-a8da13d82791?w=800,https://images.unsplash.com/photo-1606744824163-985d376605aa?w=800,54.99,5,52.24,5,10,49.49,10,20,46.74,15
POULTRY & GAME,Duck Whole Birds,M697530,Oven Ready Duckling,,,,,,Oven Ready Duckling,,,2.8kg,6,Per Pack,Frozen,No,No,https://images.unsplash.com/photo-1587593810167-a84920ea0781?w=800,https://images.pexels.com/photos/4871119/pexels-photo-4871119.jpeg?w=800,https://images.unsplash.com/photo-1604503468506-a8da13d82791?w=800,https://images.unsplash.com/photo-1606744824163-985d376605aa?w=800,58.99,5,56.04,5,10,53.09,10,20,50.14,15
POULTRY & GAME,Duck Whole Birds,M073419,Cherry Valley Boneless Cooked Whole Duck,Cherry Valley,,Standard,,,Whole Duck,,Boneless Cooked,,625g,10,Per Pack,Frozen,No,No,https://images.unsplash.com/photo-1587593810167-a84920ea0781?w=800,https://images.pexels.com/photos/4871119/pexels-photo-4871119.jpeg?w=800,https://images.unsplash.com/photo-1604503468506-a8da13d82791?w=800,https://images.unsplash.com/photo-1606744824163-985d376605aa?w=800,42.99,10,40.84,5,20,38.69,10,35,36.54,15
POULTRY & GAME,Duck Whole Birds,M284839,Regal Farm Roasted Boneless Cooked Duck,Regal Farm,,Standard,,,Whole Duck,,Roasted Boneless Cooked,,16x585-685g,4,Per Pack,Chill,No,No,https://images.unsplash.com/photo-1587593810167-a84920ea0781?w=800,https://images.pexels.com/photos/4871119/pexels-photo-4871119.jpeg?w=800,https://images.unsplash.com/photo-1604503468506-a8da13d82791?w=800,https://images.unsplash.com/photo-1606744824163-985d376605aa?w=800,186.99,5,177.64,5,10,168.29,10,15,158.94,15
POULTRY & GAME,Turkey Breast,M056177,Imported Turkey Butterfly Breast,,Imported,Standard,,,Turkey Butterfly Breast,,,Av 5kg,Per Kg,Per Kg,Chill,No,Yes,https://images.unsplash.com/photo-1603073163308-9b4e6ad4f81b?w=800,https://images.pexels.com/photos/2338407/pexels-photo-2338407.jpeg?w=800,https://images.unsplash.com/photo-1587593810167-a84920ea0781?w=800,https://images.unsplash.com/photo-1604503468506-a8da13d82791?w=800,14.99,10,14.24,5,20,13.49,10,35,12.74,15
POULTRY & GAME,Turkey Breast,M112563,Imported Turkey Butterfly Breast,,Imported,Standard,,,Turkey Butterfly Breast,,,Av 5kg,Per Kg,Per Kg,Frozen,No,No,https://images.unsplash.com/photo-1603073163308-9b4e6ad4f81b?w=800,https://images.pexels.com/photos/2338407/pexels-photo-2338407.jpeg?w=800,https://images.unsplash.com/photo-1587593810167-a84920ea0781?w=800,https://images.unsplash.com/photo-1604503468506-a8da13d82791?w=800,12.99,10,12.34,5,20,11.69,10,35,11.04,15
POULTRY & GAME,Turkey Breast,M239985,Halal Cooked Turkey Saddle,,,,,,Turkey Saddle,,Cooked,Halal,3.6kg,Per Kg,Per Kg,Chill,Yes,No,https://images.unsplash.com/photo-1603073163308-9b4e6ad4f81b?w=800,https://images.pexels.com/photos/2338407/pexels-photo-2338407.jpeg?w=800,https://images.unsplash.com/photo-1587593810167-a84920ea0781?w=800,https://images.unsplash.com/photo-1604503468506-a8da13d82791?w=800,54.99,5,52.24,5,10,49.49,10,15,46.74,15
POULTRY & GAME,Game Venison,M296504,Venison Steaks,,,,,,Venison Steak,,,2x125g,6,Per Pack,Frozen,No,No,https://images.unsplash.com/photo-1607623488235-8afeb9e8d67b?w=800,https://images.pexels.com/photos/675951/pexels-photo-675951.jpeg?w=800,https://images.unsplash.com/photo-1588347818036-af5e5c6f7b57?w=800,https://images.unsplash.com/photo-1544025162-d76694265947?w=800,24.99,5,23.74,5,10,22.49,10,20,21.24,15
POULTRY & GAME,Game Guinea Fowl,M123229,Guinea Fowl,,,,,,Guinea Fowl,,,1kg,4,Per Pack,Chill,No,No,https://images.unsplash.com/photo-1607623488235-8afeb9e8d67b?w=800,https://images.pexels.com/photos/675951/pexels-photo-675951.jpeg?w=800,https://images.unsplash.com/photo-1588347818036-af5e5c6f7b57?w=800,https://images.unsplash.com/photo-1544025162-d76694265947?w=800,14.99,5,14.24,5,10,13.49,10,20,12.74,15
POULTRY & GAME,Game Rabbit,M163462,Whole Rabbit,,,,,,Whole Rabbit,,,1.2kg,10,Per Pack,Frozen,No,No,https://images.unsplash.com/photo-1607623488235-8afeb9e8d67b?w=800,https://images.pexels.com/photos/675951/pexels-photo-675951.jpeg?w=800,https://images.unsplash.com/photo-1588347818036-af5e5c6f7b57?w=800,https://images.unsplash.com/photo-1544025162-d76694265947?w=800,62.99,10,59.84,5,20,56.69,10,35,53.54,15
POULTRY & GAME,Game Goat,M196138,Boneless Goat Legs,,,,,,Goat Leg,,Boneless,,Av 1.5kg,Per Kg,Per Kg,Frozen,Yes,No,https://images.unsplash.com/photo-1607623488235-8afeb9e8d67b?w=800,https://images.pexels.com/photos/675951/pexels-photo-675951.jpeg?w=800,https://images.unsplash.com/photo-1588347818036-af5e5c6f7b57?w=800,https://images.unsplash.com/photo-1544025162-d76694265947?w=800,16.99,5,16.14,5,10,15.29,10,20,14.44,15
POULTRY & GAME,Game Goat,M196144,Bone in Goat legs,,,,,,Goat Leg,,Bone In,,Av 2kg,Per Kg,Per Kg,Frozen,Yes,No,https://images.unsplash.com/photo-1607623488235-8afeb9e8d67b?w=800,https://images.pexels.com/photos/675951/pexels-photo-675951.jpeg?w=800,https://images.unsplash.com/photo-1588347818036-af5e5c6f7b57?w=800,https://images.unsplash.com/photo-1544025162-d76694265947?w=800,14.99,5,14.24,5,10,13.49,10,20,12.74,15
POULTRY & GAME,Game Goat,M196137,Bone in Diced Goat,,,,,,Diced Goat,,Bone In Diced,,Av 1.5kg,Per Kg,Per Kg,Frozen,Yes,No,https://images.unsplash.com/photo-1607623488235-8afeb9e8d67b?w=800,https://images.pexels.com/photos/675951/pexels-photo-675951.jpeg?w=800,https://images.unsplash.com/photo-1588347818036-af5e5c6f7b57?w=800,https://images.unsplash.com/photo-1544025162-d76694265947?w=800,15.99,5,15.19,5,10,14.39,10,20,13.59,15
POULTRY & GAME,Game Goat,M305529,Boneless Diced Goat,,,,,,Diced Goat,,Boneless Diced,,Av 2kg,Per Kg,Per Kg,Frozen,Yes,No,https://images.unsplash.com/photo-1607623488235-8afeb9e8d67b?w=800,https://images.pexels.com/photos/675951/pexels-photo-675951.jpeg?w=800,https://images.unsplash.com/photo-1588347818036-af5e5c6f7b57?w=800,https://images.unsplash.com/photo-1544025162-d76694265947?w=800,17.99,5,17.09,5,10,16.19,10,20,15.29,15
BURGERS,,M244508,Blackgate Wagyu Beef Burger,Blackgate,,Premium,,,Wagyu Beef Burger,,,6x170g,4,Per Pack,Chill,No,No,https://images.unsplash.com/photo-1550547660-d9450f859349?w=800,https://images.pexels.com/photos/1639557/pexels-photo-1639557.jpeg?w=800,https://images.unsplash.com/photo-1571091718767-18b5b1457add?w=800,https://images.unsplash.com/photo-1568901346375-23c9450c58cd?w=800,28.99,5,27.54,5,10,26.09,10,20,24.64,15
BURGERS,,M297817,Blackgate Aberdeen Angus Beef Burgers,Blackgate,,Premium,,,Aberdeen Angus Beef Burger,,,8x170g,6,Per Pack,Chill,No,No,https://images.unsplash.com/photo-1550547660-d9450f859349?w=800,https://images.pexels.com/photos/1639557/pexels-photo-1639557.jpeg?w=800,https://images.unsplash.com/photo-1571091718767-18b5b1457add?w=800,https://images.unsplash.com/photo-1568901346375-23c9450c58cd?w=800,42.99,5,40.84,5,10,38.69,10,20,36.54,15
BURGERS,,M297743,Blackgate Aberdeen Angus Beef Burgers,Blackgate,,Premium,,,Aberdeen Angus Beef Burger,,,10x113g,4,Per Pack,Chill,No,No,https://images.unsplash.com/photo-1550547660-d9450f859349?w=800,https://images.pexels.com/photos/1639557/pexels-photo-1639557.jpeg?w=800,https://images.unsplash.com/photo-1571091718767-18b5b1457add?w=800,https://images.unsplash.com/photo-1568901346375-23c9450c58cd?w=800,34.99,5,33.24,5,10,31.49,10,20,29.74,15
BURGERS,,M288554,Chef's Larder Premium Gourmet Burger,Chef's Larder,,Premium,,,Gourmet Burger,,,30x170g,1,Per Pack,Frozen,No,Yes,https://images.unsplash.com/photo-1550547660-d9450f859349?w=800,https://images.pexels.com/photos/1639557/pexels-photo-1639557.jpeg?w=800,https://images.unsplash.com/photo-1571091718767-18b5b1457add?w=800,https://images.unsplash.com/photo-1568901346375-23c9450c58cd?w=800,82.99,5,78.84,5,10,74.69,10,15,70.54,15
BURGERS,,M288556,Chef's Larder Premium Gourmet Burger,Chef's Larder,,Premium,,,Gourmet Burger,,,24x227g,1,Per Pack,Frozen,No,No,https://images.unsplash.com/photo-1550547660-d9450f859349?w=800,https://images.pexels.com/photos/1639557/pexels-photo-1639557.jpeg?w=800,https://images.unsplash.com/photo-1571091718767-18b5b1457add?w=800,https://images.unsplash.com/photo-1568901346375-23c9450c58cd?w=800,92.99,5,88.34,5,10,83.69,10,15,79.04,15
BURGERS,,M195997,Kettyle Dry Aged Burger,Kettyle,,Premium,Dry Aged,,Beef Burger,,,4x200g,4,Per Pack,Chill,No,No,https://images.unsplash.com/photo-1550547660-d9450f859349?w=800,https://images.pexels.com/photos/1639557/pexels-photo-1639557.jpeg?w=800,https://images.unsplash.com/photo-1571091718767-18b5b1457add?w=800,https://images.unsplash.com/photo-1568901346375-23c9450c58cd?w=800,26.99,5,25.64,5,10,24.29,10,20,22.94,15
BURGERS,,M267159,Paragon Excellence Gourmet Halal Burgers,Paragon,,Standard,,,Gourmet Halal Burger,,,Halal,30x170g,1,Per Pack,Frozen,Yes,No,https://images.unsplash.com/photo-1550547660-d9450f859349?w=800,https://images.pexels.com/photos/1639557/pexels-photo-1639557.jpeg?w=800,https://images.unsplash.com/photo-1571091718767-18b5b1457add?w=800,https://images.unsplash.com/photo-1568901346375-23c9450c58cd?w=800,72.99,5,69.34,5,10,65.69,10,15,62.04,15
BURGERS,,M084627,Chef's Larder Texan 98% Beef Burger,Chef's Larder,,Standard,,,Texan Beef Burger,98%,,,48x113g,1,Per Pack,Frozen,No,No,https://images.unsplash.com/photo-1550547660-d9450f859349?w=800,https://images.pexels.com/photos/1639557/pexels-photo-1639557.jpeg?w=800,https://images.unsplash.com/photo-1571091718767-18b5b1457add?w=800,https://images.unsplash.com/photo-1568901346375-23c9450c58cd?w=800,78.99,5,75.04,5,10,71.09,10,15,67.14,15
BURGERS,,M084626,Chef's Larder American 80% Beef Burger,Chef's Larder,,Standard,,,American Beef Burger,80%,,,48x113g,1,Per Pack,Frozen,No,No,https://images.unsplash.com/photo-1550547660-d9450f859349?w=800,https://images.pexels.com/photos/1639557/pexels-photo-1639557.jpeg?w=800,https://images.unsplash.com/photo-1571091718767-18b5b1457add?w=800,https://images.unsplash.com/photo-1568901346375-23c9450c58cd?w=800,68.99,5,65.54,5,10,62.09,10,15,58.64,15
BURGERS,,M066962,Paragon Wholebeef Halal Burgers,Paragon,,Standard,,,Wholebeef Halal Burger,,,Halal,48x56g,1,Per Pack,Frozen,Yes,No,https://images.unsplash.com/photo-1550547660-d9450f859349?w=800,https://images.pexels.com/photos/1639557/pexels-photo-1639557.jpeg?w=800,https://images.unsplash.com/photo-1571091718767-18b5b1457add?w=800,https://images.unsplash.com/photo-1568901346375-23c9450c58cd?w=800,42.99,10,40.84,5,20,38.69,10,35,36.54,15
BURGERS,,M066963,Paragon Wholebeef Halal Burgers,Paragon,,Standard,,,Wholebeef Halal Burger,,,Halal,48x113g,1,Per Pack,Frozen,Yes,No,https://images.unsplash.com/photo-1550547660-d9450f859349?w=800,https://images.pexels.com/photos/1639557/pexels-photo-1639557.jpeg?w=800,https://images.unsplash.com/photo-1571091718767-18b5b1457add?w=800,https://images.unsplash.com/photo-1568901346375-23c9450c58cd?w=800,64.99,10,61.74,5,20,58.49,10,35,55.24,15
BURGERS,,M292066,Ihsaan Halal Smash Burger Pucks,Ihsaan,,Standard,,,Smash Burger Puck,,,Halal,24 x 85g,1,Per Pack,Chill,Yes,No,https://images.unsplash.com/photo-1550547660-d9450f859349?w=800,https://images.pexels.com/photos/1639557/pexels-photo-1639557.jpeg?w=800,https://images.unsplash.com/photo-1571091718767-18b5b1457add?w=800,https://images.unsplash.com/photo-1568901346375-23c9450c58cd?w=800,32.99,5,31.34,5,10,29.69,10,15,28.04,15
BURGERS,,M269072,Ihsaan Halal Classic Beefburger,Ihsaan,,Standard,,,Classic Beefburger,,,Halal,10x170g,4,Per Pack,Chill,Yes,No,https://images.unsplash.com/photo-1550547660-d9450f859349?w=800,https://images.pexels.com/photos/1639557/pexels-photo-1639557.jpeg?w=800,https://images.unsplash.com/photo-1571091718767-18b5b1457add?w=800,https://images.unsplash.com/photo-1568901346375-23c9450c58cd?w=800,24.99,5,23.74,5,10,22.49,10,20,21.24,15
BURGERS,,M284453,Ihsaan Halal Classic Beefburger,Ihsaan,,Standard,,,Classic Beefburger,,,Halal,10x85g,4,Per Pack,Chill,Yes,No,https://images.unsplash.com/photo-1550547660-d9450f859349?w=800,https://images.pexels.com/photos/1639557/pexels-photo-1639557.jpeg?w=800,https://images.unsplash.com/photo-1571091718767-18b5b1457add?w=800,https://images.unsplash.com/photo-1568901346375-23c9450c58cd?w=800,18.99,5,18.04,5,10,17.09,10,20,16.14,15
BURGERS,,M147178,Chef's Essentials Quarter Pounders,Chef's Essentials,,Standard,,,Quarter Pounder,,,40x113g,1,Per Pack,Frozen,No,No,https://images.unsplash.com/photo-1550547660-d9450f859349?w=800,https://images.pexels.com/photos/1639557/pexels-photo-1639557.jpeg?w=800,https://images.unsplash.com/photo-1571091718767-18b5b1457add?w=800,https://images.unsplash.com/photo-1568901346375-23c9450c58cd?w=800,58.99,10,56.04,5,20,53.09,10,35,50.14,15
BURGERS,,M282704,Paragon Basics Halal Burger,Paragon,,Standard,,,Basics Halal Burger,,,Halal,48x113g,1,Per Pack,Frozen,Yes,No,https://images.unsplash.com/photo-1550547660-d9450f859349?w=800,https://images.pexels.com/photos/1639557/pexels-photo-1639557.jpeg?w=800,https://images.unsplash.com/photo-1571091718767-18b5b1457add?w=800,https://images.unsplash.com/photo-1568901346375-23c9450c58cd?w=800,54.99,10,52.24,5,20,49.49,10,35,46.74,15
BURGERS,,M090789,Big Al's Flame Cooked Big Eat Burgers 24s,Big Al's,,Standard,,,Flame Cooked Burger,,Flame Cooked,,24s,2,Per Pack,Frozen,No,No,https://images.unsplash.com/photo-1550547660-d9450f859349?w=800,https://images.pexels.com/photos/1639557/pexels-photo-1639557.jpeg?w=800,https://images.unsplash.com/photo-1571091718767-18b5b1457add?w=800,https://images.unsplash.com/photo-1568901346375-23c9450c58cd?w=800,36.99,5,35.14,5,10,33.29,10,20,31.44,15
BURGERS,,M792890,Burns Premium Burgers – Scotland Only,Burns,Scottish,Premium,,,Premium Burger,,,20x100g,6,Per Pack,Frozen,No,No,https://images.unsplash.com/photo-1550547660-d9450f859349?w=800,https://images.pexels.com/photos/1639557/pexels-photo-1639557.jpeg?w=800,https://images.unsplash.com/photo-1571091718767-18b5b1457add?w=800,https://images.unsplash.com/photo-1568901346375-23c9450c58cd?w=800,64.99,5,61.74,5,10,58.49,10,20,55.24,15
BURGERS,,M246679,Gourmet Beef Burger,,,,,,Gourmet Beef Burger,,,24x227g,1,Per Pack,Frozen,No,No,https://images.unsplash.com/photo-1550547660-d9450f859349?w=800,https://images.pexels.com/photos/1639557/pexels-photo-1639557.jpeg?w=800,https://images.unsplash.com/photo-1571091718767-18b5b1457add?w=800,https://images.unsplash.com/photo-1568901346375-23c9450c58cd?w=800,86.99,5,82.64,5,10,78.29,10,15,73.94,15
BURGERS,,M278603,Wagyu Beef Burger,,,,,,Wagyu Beef Burger,,,24x170g,1,Per Pack,Frozen,No,No,https://images.unsplash.com/photo-1550547660-d9450f859349?w=800,https://images.pexels.com/photos/1639557/pexels-photo-1639557.jpeg?w=800,https://images.unsplash.com/photo-1571091718767-18b5b1457add?w=800,https://images.unsplash.com/photo-1568901346375-23c9450c58cd?w=800,94.99,5,90.24,5,10,85.49,10,15,80.74,15
BURGERS,,M185026,Peppered Grillsteaks,,,,,,Peppered Grillsteak,,,8x144g,4,Per Pack,Chill,No,No,https://images.unsplash.com/photo-1550547660-d9450f859349?w=800,https://images.pexels.com/photos/1639557/pexels-photo-1639557.jpeg?w=800,https://images.unsplash.com/photo-1571091718767-18b5b1457add?w=800,https://images.unsplash.com/photo-1568901346375-23c9450c58cd?w=800,18.99,5,18.04,5,10,17.09,10,20,16.14,15
SAUSAGES,,M282615,Blackgate Traditional Hand Tied Sausages,Blackgate,,Premium,,,Traditional Pork Sausage,,Hand Tied,,2.4kg,4,Per Pack,Chill,No,No,https://images.unsplash.com/photo-1529692236671-f1f6cf9683ba?w=800,https://images.pexels.com/photos/1639562/pexels-photo-1639562.jpeg?w=800,https://images.unsplash.com/photo-1607623814075-e51df1bdc82f?w=800,https://images.unsplash.com/photo-1595777216528-071e0127ccf4?w=800,22.99,5,21.84,5,10,20.69,10,20,19.54,15
SAUSAGES,,M282484,Blackgate Caramelised Red Onion Sausages,Blackgate,,Premium,,,Caramelised Red Onion Sausage,,,1.2kg,4,Per Pack,Chill,No,No,https://images.unsplash.com/photo-1529692236671-f1f6cf9683ba?w=800,https://images.pexels.com/photos/1639562/pexels-photo-1639562.jpeg?w=800,https://images.unsplash.com/photo-1607623814075-e51df1bdc82f?w=800,https://images.unsplash.com/photo-1595777216528-071e0127ccf4?w=800,18.99,5,18.04,5,10,17.09,10,20,16.14,15
SAUSAGES,,M282486,Blackgate Cumberland Whirl,Blackgate,,Premium,,,Cumberland Whirl,,,1.2kg,4,Per Pack,Chill,No,No,https://images.unsplash.com/photo-1529692236671-f1f6cf9683ba?w=800,https://images.pexels.com/photos/1639562/pexels-photo-1639562.jpeg?w=800,https://images.unsplash.com/photo-1607623814075-e51df1bdc82f?w=800,https://images.unsplash.com/photo-1595777216528-071e0127ccf4?w=800,18.99,5,18.04,5,10,17.09,10,20,16.14,15
SAUSAGES,,M224372,Blackgate Traditional Pork Sausages,Blackgate,,Premium,,,Traditional Pork Sausage,,,1.2kg,4,Per Pack,Chill,No,Yes,https://images.unsplash.com/photo-1529692236671-f1f6cf9683ba?w=800,https://images.pexels.com/photos/1639562/pexels-photo-1639562.jpeg?w=800,https://images.unsplash.com/photo-1607623814075-e51df1bdc82f?w=800,https://images.unsplash.com/photo-1595777216528-071e0127ccf4?w=800,17.99,5,17.09,5,10,16.19,10,20,15.29,15
SAUSAGES,,M224367,Blackgate Cumberland Sausages,Blackgate,,Premium,,,Cumberland Sausage,,,1.2kg,4,Per Pack,Chill,No,No,https://images.unsplash.com/photo-1529692236671-f1f6cf9683ba?w=800,https://images.pexels.com/photos/1639562/pexels-photo-1639562.jpeg?w=800,https://images.unsplash.com/photo-1607623814075-e51df1bdc82f?w=800,https://images.unsplash.com/photo-1595777216528-071e0127ccf4?w=800,17.99,5,17.09,5,10,16.19,10,20,15.29,15
SAUSAGES,,M239619,Blackgate Lincolnshire Sausages,Blackgate,,Premium,,,Lincolnshire Sausage,,,1.2kg,4,Per Pack,Chill,No,No,https://images.unsplash.com/photo-1529692236671-f1f6cf9683ba?w=800,https://images.pexels.com/photos/1639562/pexels-photo-1639562.jpeg?w=800,https://images.unsplash.com/photo-1607623814075-e51df1bdc82f?w=800,https://images.unsplash.com/photo-1595777216528-071e0127ccf4?w=800,17.99,5,17.09,5,10,16.19,10,20,15.29,15
SAUSAGES,,M331971,Blakemans - Premier Thick Pork Sausages,Blakemans,,Premium,,,Thick Pork Sausage,,,2kg,4,Per Pack,Chill,No,No,https://images.unsplash.com/photo-1529692236671-f1f6cf9683ba?w=800,https://images.pexels.com/photos/1639562/pexels-photo-1639562.jpeg?w=800,https://images.unsplash.com/photo-1607623814075-e51df1bdc82f?w=800,https://images.unsplash.com/photo-1595777216528-071e0127ccf4?w=800,19.99,5,18.99,5,10,17.99,10,20,16.99,15
SAUSAGES,,M224872,Blackgate Pork Chipolatas,Blackgate,,Premium,,,Pork Chipolata,,,1.2kg,4,Per Pack,Chill,No,No,https://images.unsplash.com/photo-1529692236671-f1f6cf9683ba?w=800,https://images.pexels.com/photos/1639562/pexels-photo-1639562.jpeg?w=800,https://images.unsplash.com/photo-1607623814075-e51df1bdc82f?w=800,https://images.unsplash.com/photo-1595777216528-071e0127ccf4?w=800,16.99,5,16.14,5,10,15.29,10,20,14.44,15
SAUSAGES,,M224376,Blackgate Honey Roast Sausages,Blackgate,,Premium,,,Honey Roast Sausage,,,1.2kg,4,Per Pack,Chill,No,No,https://images.unsplash.com/photo-1529692236671-f1f6cf9683ba?w=800,https://images.pexels.com/photos/1639562/pexels-photo-1639562.jpeg?w=800,https://images.unsplash.com/photo-1607623814075-e51df1bdc82f?w=800,https://images.unsplash.com/photo-1595777216528-071e0127ccf4?w=800,18.99,5,18.04,5,10,17.09,10,20,16.14,15
SAUSAGES,,M332071,Blakemans - Thick Pork Sausages,Blakemans,,Standard,,,Thick Pork Sausage,,,2kg,4,Per Pack,Chill,No,No,https://images.unsplash.com/photo-1529692236671-f1f6cf9683ba?w=800,https://images.pexels.com/photos/1639562/pexels-photo-1639562.jpeg?w=800,https://images.unsplash.com/photo-1607623814075-e51df1bdc82f?w=800,https://images.unsplash.com/photo-1595777216528-071e0127ccf4?w=800,16.99,5,16.14,5,10,15.29,10,20,14.44,15
SAUSAGES,,M332151,Blakemans - Premium Thin Pork Sausages,Blakemans,,Premium,,,Thin Pork Sausage,,,2kg,4,Per Pack,Chill,No,No,https://images.unsplash.com/photo-1529692236671-f1f6cf9683ba?w=800,https://images.pexels.com/photos/1639562/pexels-photo-1639562.jpeg?w=800,https://images.unsplash.com/photo-1607623814075-e51df1bdc82f?w=800,https://images.unsplash.com/photo-1595777216528-071e0127ccf4?w=800,18.99,5,18.04,5,10,17.09,10,20,16.14,15
SAUSAGES,,M332211,Blakemans - Lincolnshire Natural,Blakemans,,Standard,,,Lincolnshire Sausage,,Natural Casing,,2kg,4,Per Pack,Chill,No,No,https://images.unsplash.com/photo-1529692236671-f1f6cf9683ba?w=800,https://images.pexels.com/photos/1639562/pexels-photo-1639562.jpeg?w=800,https://images.unsplash.com/photo-1607623814075-e51df1bdc82f?w=800,https://images.unsplash.com/photo-1595777216528-071e0127ccf4?w=800,16.99,5,16.14,5,10,15.29,10,20,14.44,15
SAUSAGES,,M332051,Blakemans - Cumberland Natural Linked,Blakemans,,Standard,,,Cumberland Sausage,,Natural Casing Linked,,2kg,4,Per Pack,Chill,No,No,https://images.unsplash.com/photo-1529692236671-f1f6cf9683ba?w=800,https://images.pexels.com/photos/1639562/pexels-photo-1639562.jpeg?w=800,https://images.unsplash.com/photo-1607623814075-e51df1bdc82f?w=800,https://images.unsplash.com/photo-1595777216528-071e0127ccf4?w=800,16.99,5,16.14,5,10,15.29,10,20,14.44,15
SAUSAGES,,M142886,Blakemans - Butchers Select Prime Pork Sausage,Blakemans,,Premium,,,Prime Pork Sausage,,,1kg,4,Per Pack,Chill,No,No,https://images.unsplash.com/photo-1529692236671-f1f6cf9683ba?w=800,https://images.pexels.com/photos/1639562/pexels-photo-1639562.jpeg?w=800,https://images.unsplash.com/photo-1607623814075-e51df1bdc82f?w=800,https://images.unsplash.com/photo-1595777216528-071e0127ccf4?w=800,14.99,5,14.24,5,10,13.49,10,20,12.74,15
SAUSAGES,,M123383,Blakemans - Premier Supreme Breakfast Sausage,Blakemans,,Premium,,,Breakfast Sausage,,,1kg,4,Per Pack,Chill,No,No,https://images.unsplash.com/photo-1529692236671-f1f6cf9683ba?w=800,https://images.pexels.com/photos/1639562/pexels-photo-1639562.jpeg?w=800,https://images.unsplash.com/photo-1607623814075-e51df1bdc82f?w=800,https://images.unsplash.com/photo-1595777216528-071e0127ccf4?w=800,14.99,5,14.24,5,10,13.49,10,20,12.74,15
SAUSAGES,,M277997,Westaways Lincolnshire Sausage,Westaways,,Standard,,,Lincolnshire Sausage,,,1.135kg,6,Per Pack,Chill,No,No,https://images.unsplash.com/photo-1529692236671-f1f6cf9683ba?w=800,https://images.pexels.com/photos/1639562/pexels-photo-1639562.jpeg?w=800,https://images.unsplash.com/photo-1607623814075-e51df1bdc82f?w=800,https://images.unsplash.com/photo-1595777216528-071e0127ccf4?w=800,12.99,5,12.34,5,10,11.69,10,20,11.04,15
SAUSAGES,,M277994,Westaways Honeyroast Sausage,Westaways,,Standard,,,Honeyroast Sausage,,,1.135kg,6,Per Pack,Chill,No,No,https://images.unsplash.com/photo-1529692236671-f1f6cf9683ba?w=800,https://images.pexels.com/photos/1639562/pexels-photo-1639562.jpeg?w=800,https://images.unsplash.com/photo-1607623814075-e51df1bdc82f?w=800,https://images.unsplash.com/photo-1595777216528-071e0127ccf4?w=800,13.49,5,12.82,5,10,12.14,10,20,11.47,15
SAUSAGES,,M277986,Westaways Honeyroast Chipolatas,Westaways,,Standard,,,Honeyroast Chipolata,,,900g,6,Per Pack,Chill,No,No,https://images.unsplash.com/photo-1529692236671-f1f6cf9683ba?w=800,https://images.pexels.com/photos/1639562/pexels-photo-1639562.jpeg?w=800,https://images.unsplash.com/photo-1607623814075-e51df1bdc82f?w=800,https://images.unsplash.com/photo-1595777216528-071e0127ccf4?w=800,11.99,5,11.39,5,10,10.79,10,20,10.19,15
SAUSAGES,,M277989,Westaway Cumberland Sausage,Westaway,,Standard,,,Cumberland Sausage,,,1.135kg,6,Per Pack,Chill,No,No,https://images.unsplash.com/photo-1529692236671-f1f6cf9683ba?w=800,https://images.pexels.com/photos/1639562/pexels-photo-1639562.jpeg?w=800,https://images.unsplash.com/photo-1607623814075-e51df1bdc82f?w=800,https://images.unsplash.com/photo-1595777216528-071e0127ccf4?w=800,12.99,5,12.34,5,10,11.69,10,20,11.04,15
SAUSAGES,,M292067,Ishaan Halal Beef Sausages,Ishaan,,Standard,,,Beef Sausage,,,Halal,684g,4,Per Pack,Chill,Yes,No,https://images.unsplash.com/photo-1529692236671-f1f6cf9683ba?w=800,https://images.pexels.com/photos/1639562/pexels-photo-1639562.jpeg?w=800,https://images.unsplash.com/photo-1607623814075-e51df1bdc82f?w=800,https://images.unsplash.com/photo-1595777216528-071e0127ccf4?w=800,11.49,5,10.92,5,10,10.34,10,20,9.77,15
SAUSAGES,,M291025,Jess Foods Lorne Sausage – Scotland Only,Jess Foods,Scottish,Standard,,,Lorne Sausage,,,1.81kg,4,Per Pack,Chill,No,No,https://images.unsplash.com/photo-1529692236671-f1f6cf9683ba?w=800,https://images.pexels.com/photos/1639562/pexels-photo-1639562.jpeg?w=800,https://images.unsplash.com/photo-1607623814075-e51df1bdc82f?w=800,https://images.unsplash.com/photo-1595777216528-071e0127ccf4?w=800,16.99,5,16.14,5,10,15.29,10,20,14.44,15
SAUSAGES,,M247107,Unsliced Lorne Sausage – Scotland Only,,Scottish,Standard,,,Lorne Sausage,,Unsliced,,1.75kg,4,Per Pack,Chill,No,No,https://images.unsplash.com/photo-1529692236671-f1f6cf9683ba?w=800,https://images.pexels.com/photos/1639562/pexels-photo-1639562.jpeg?w=800,https://images.unsplash.com/photo-1607623814075-e51df1bdc82f?w=800,https://images.unsplash.com/photo-1595777216528-071e0127ccf4?w=800,15.99,5,15.19,5,10,14.39,10,20,13.59,15
SAUSAGES,,M147650,Chef's Essentials Sausages,Chef's Essentials,,Standard,,,Sausage,,,2.125kg,6,Per Pack,Frozen,No,No,https://images.unsplash.com/photo-1529692236671-f1f6cf9683ba?w=800,https://images.pexels.com/photos/1639562/pexels-photo-1639562.jpeg?w=800,https://images.unsplash.com/photo-1607623814075-e51df1bdc82f?w=800,https://images.unsplash.com/photo-1595777216528-071e0127ccf4?w=800,14.99,5,14.24,5,10,13.49,10,20,12.74,15
SAUSAGES,,M105134,Chef's Larder Thick Pork Sausages,Chef's Larder,,Standard,,,Thick Pork Sausage,,,2.27kg,4,Per Pack,Frozen,No,No,https://images.unsplash.com/photo-1529692236671-f1f6cf9683ba?w=800,https://images.pexels.com/photos/1639562/pexels-photo-1639562.jpeg?w=800,https://images.unsplash.com/photo-1607623814075-e51df1bdc82f?w=800,https://images.unsplash.com/photo-1595777216528-071e0127ccf4?w=800,14.99,5,14.24,5,10,13.49,10,20,12.74,15
SAUSAGES,,M105145,Chef's Larder Jumbo Pork Sausage,Chef's Larder,,Standard,,,Jumbo Pork Sausage,,,1.135kg,8,Per Pack,Frozen,No,No,https://images.unsplash.com/photo-1529692236671-f1f6cf9683ba?w=800,https://images.pexels.com/photos/1639562/pexels-photo-1639562.jpeg?w=800,https://images.unsplash.com/photo-1607623814075-e51df1bdc82f?w=800,https://images.unsplash.com/photo-1595777216528-071e0127ccf4?w=800,32.99,10,31.34,5,20,29.69,10,35,28.04,15
SAUSAGES,,M105126,Chefs Larder Premium Cumberland Sausages,Chef's Larder,,Premium,,,Cumberland Sausage,,,2.27kg,4,Per Pack,Frozen,No,No,https://images.unsplash.com/photo-1529692236671-f1f6cf9683ba?w=800,https://images.pexels.com/photos/1639562/pexels-photo-1639562.jpeg?w=800,https://images.unsplash.com/photo-1607623814075-e51df1bdc82f?w=800,https://images.unsplash.com/photo-1595777216528-071e0127ccf4?w=800,16.99,5,16.14,5,10,15.29,10,20,14.44,15
SAUSAGES,,M481416,Blakemans Supreme Sausages 8's,Blakemans,,Premium,,,Supreme Sausage,,,4.536kg,1,Per Pack,Frozen,No,No,https://images.unsplash.com/photo-1529692236671-f1f6cf9683ba?w=800,https://images.pexels.com/photos/1639562/pexels-photo-1639562.jpeg?w=800,https://images.unsplash.com/photo-1607623814075-e51df1bdc82f?w=800,https://images.unsplash.com/photo-1595777216528-071e0127ccf4?w=800,28.99,5,27.54,5,10,26.09,10,15,24.64,15
SAUSAGES,,M481374,Blakemans Supreme Sausages 4's,Blakemans,,Premium,,,Supreme Sausage,,,4.54kg,1,Per Pack,Frozen,No,No,https://images.unsplash.com/photo-1529692236671-f1f6cf9683ba?w=800,https://images.pexels.com/photos/1639562/pexels-photo-1639562.jpeg?w=800,https://images.unsplash.com/photo-1607623814075-e51df1bdc82f?w=800,https://images.unsplash.com/photo-1595777216528-071e0127ccf4?w=800,28.99,5,27.54,5,10,26.09,10,15,24.64,15
SAUSAGES,,M464339,Blakemans Lincolnshire Sausages 8's,Blakemans,,Standard,,,Lincolnshire Sausage,,,4.54kg,1,Per Pack,Frozen,No,No,https://images.unsplash.com/photo-1529692236671-f1f6cf9683ba?w=800,https://images.pexels.com/photos/1639562/pexels-photo-1639562.jpeg?w=800,https://images.unsplash.com/photo-1607623814075-e51df1bdc82f?w=800,https://images.unsplash.com/photo-1595777216528-071e0127ccf4?w=800,24.99,5,23.74,5,10,22.49,10,15,21.24,15
SAUSAGES,,M143292,Blakemans Lincolnshire Sausages 4's,Blakemans,,Standard,,,Lincolnshire Sausage,,,4.54kg,1,Per Pack,Frozen,No,No,https://images.unsplash.com/photo-1529692236671-f1f6cf9683ba?w=800,https://images.pexels.com/photos/1639562/pexels-photo-1639562.jpeg?w=800,https://images.unsplash.com/photo-1607623814075-e51df1bdc82f?w=800,https://images.unsplash.com/photo-1595777216528-071e0127ccf4?w=800,24.99,5,23.74,5,10,22.49,10,15,21.24,15
SAUSAGES,,M163289,Blakemans Premium Pork Sausage,Blakemans,,Premium,,,Premium Pork Sausage,,,4.54kg,1,Per Pack,Frozen,No,No,https://images.unsplash.com/photo-1529692236671-f1f6cf9683ba?w=800,https://images.pexels.com/photos/1639562/pexels-photo-1639562.jpeg?w=800,https://images.unsplash.com/photo-1607623814075-e51df1bdc82f?w=800,https://images.unsplash.com/photo-1595777216528-071e0127ccf4?w=800,27.99,5,26.59,5,10,25.19,10,15,23.79,15
SAUSAGES,,M481572,Blakemans Sausages 16s,Blakemans,,Standard,,,Sausage,,,4.54kg,1,Per Pack,Frozen,No,No,https://images.unsplash.com/photo-1529692236671-f1f6cf9683ba?w=800,https://images.pexels.com/photos/1639562/pexels-photo-1639562.jpeg?w=800,https://images.unsplash.com/photo-1607623814075-e51df1bdc82f?w=800,https://images.unsplash.com/photo-1595777216528-071e0127ccf4?w=800,22.99,5,21.84,5,10,20.69,10,15,19.54,15
SAUSAGES,,M156954,Mcwhinneys Big Foot Sausage,Mcwhinneys,,Standard,,,Big Foot Sausage,,,30s,4,Per Pack,Frozen,No,No,https://images.unsplash.com/photo-1529692236671-f1f6cf9683ba?w=800,https://images.pexels.com/photos/1639562/pexels-photo-1639562.jpeg?w=800,https://images.unsplash.com/photo-1607623814075-e51df1bdc82f?w=800,https://images.unsplash.com/photo-1595777216528-071e0127ccf4?w=800,24.99,5,23.74,5,10,22.49,10,20,21.24,15
SAUSAGES,,M213297,Westaway Honey Roast Pork Sausages,Westaway,,Standard,,,Honey Roast Pork Sausage,,,4.54kg,1,Per Pack,Frozen,No,No,https://images.unsplash.com/photo-1529692236671-f1f6cf9683ba?w=800,https://images.pexels.com/photos/1639562/pexels-photo-1639562.jpeg?w=800,https://images.unsplash.com/photo-1607623814075-e51df1bdc82f?w=800,https://images.unsplash.com/photo-1595777216528-071e0127ccf4?w=800,24.99,5,23.74,5,10,22.49,10,15,21.24,15
SAUSAGES,,M244286,Westaway Traditional Pork Sausages,Westaway,,Standard,,,Traditional Pork Sausage,,,2.27kg,5,Per Pack,Frozen,No,No,https://images.unsplash.com/photo-1529692236671-f1f6cf9683ba?w=800,https://images.pexels.com/photos/1639562/pexels-photo-1639562.jpeg?w=800,https://images.unsplash.com/photo-1607623814075-e51df1bdc82f?w=800,https://images.unsplash.com/photo-1595777216528-071e0127ccf4?w=800,16.99,5,16.14,5,10,15.29,10,20,14.44,15
SAUSAGES,,M250046,Westaway Gluten Free Sausages,Westaway,,Standard,,,Gluten Free Sausage,,,Gluten Free,2.27kg,4,Per Pack,Frozen,No,No,https://images.unsplash.com/photo-1529692236671-f1f6cf9683ba?w=800,https://images.pexels.com/photos/1639562/pexels-photo-1639562.jpeg?w=800,https://images.unsplash.com/photo-1607623814075-e51df1bdc82f?w=800,https://images.unsplash.com/photo-1595777216528-071e0127ccf4?w=800,18.99,5,18.04,5,10,17.09,10,20,16.14,15
SAUSAGES,,M007170,Blakemans Cocktail Sausages,Blakemans,,Standard,,,Cocktail Sausage,,,2.27kg,2,Per Pack,Frozen,No,No,https://images.unsplash.com/photo-1529692236671-f1f6cf9683ba?w=800,https://images.pexels.com/photos/1639562/pexels-photo-1639562.jpeg?w=800,https://images.unsplash.com/photo-1607623814075-e51df1bdc82f?w=800,https://images.unsplash.com/photo-1595777216528-071e0127ccf4?w=800,18.99,5,18.04,5,10,17.09,10,15,16.14,15
SAUSAGES,,M105141,Chef's Larder Thick Pork/Beef Sausages,Chef's Larder,,Standard,,,Thick Pork/Beef Sausage,,,2.27kg,4,Per Pack,Frozen,No,No,https://images.unsplash.com/photo-1529692236671-f1f6cf9683ba?w=800,https://images.pexels.com/photos/1639562/pexels-photo-1639562.jpeg?w=800,https://images.unsplash.com/photo-1607623814075-e51df1bdc82f?w=800,https://images.unsplash.com/photo-1595777216528-071e0127ccf4?w=800,14.99,5,14.24,5,10,13.49,10,20,12.74,15
SAUSAGES,,M083411,Blakemans Cooked Jumbo Pork Sausages 8's,Blakemans,,Standard,,,Jumbo Pork Sausage,,Cooked,,2kg,5,Per Pack,Frozen,No,No,https://images.unsplash.com/photo-1529692236671-f1f6cf9683ba?w=800,https://images.pexels.com/photos/1639562/pexels-photo-1639562.jpeg?w=800,https://images.unsplash.com/photo-1607623814075-e51df1bdc82f?w=800,https://images.unsplash.com/photo-1595777216528-071e0127ccf4?w=800,19.99,5,18.99,5,10,17.99,10,20,16.99,15
SAUSAGES,,M081741,Blakemans Cooked Jumbo Pork Sausages 4's,Blakemans,,Standard,,,Jumbo Pork Sausage,,Cooked,,2kg,5,Per Pack,Frozen,No,No,https://images.unsplash.com/photo-1529692236671-f1f6cf9683ba?w=800,https://images.pexels.com/photos/1639562/pexels-photo-1639562.jpeg?w=800,https://images.unsplash.com/photo-1607623814075-e51df1bdc82f?w=800,https://images.unsplash.com/photo-1595777216528-071e0127ccf4?w=800,19.99,5,18.99,5,10,17.99,10,20,16.99,15
SAUSAGES,,M208528,Chef's Larder Premium Wild Boar Hot Dogs,Chef's Larder,,Premium,,,Wild Boar Hot Dog,,,1.5kg,5,Per Pack,Frozen,No,No,https://images.unsplash.com/photo-1529692236671-f1f6cf9683ba?w=800,https://images.pexels.com/photos/1639562/pexels-photo-1639562.jpeg?w=800,https://images.unsplash.com/photo-1607623814075-e51df1bdc82f?w=800,https://images.unsplash.com/photo-1595777216528-071e0127ccf4?w=800,22.99,5,21.84,5,10,20.69,10,20,19.54,15
SAUSAGES,,M289813,Chef's Larder Jumbo Bratwurst,Chef's Larder,,Standard,,,Jumbo Bratwurst,,,750g,10,Per Pack,Frozen,No,No,https://images.unsplash.com/photo-1529692236671-f1f6cf9683ba?w=800,https://images.pexels.com/photos/1639562/pexels-photo-1639562.jpeg?w=800,https://images.unsplash.com/photo-1607623814075-e51df1bdc82f?w=800,https://images.unsplash.com/photo-1595777216528-071e0127ccf4?w=800,32.99,10,31.34,5,20,29.69,10,35,28.04,15
SAUSAGES,,M289815,Chef's Larder Jumbo Frankfurters,Chef's Larder,,Standard,,,Jumbo Frankfurter,,,750g,10,Per Pack,Frozen,No,No,https://images.unsplash.com/photo-1529692236671-f1f6cf9683ba?w=800,https://images.pexels.com/photos/1639562/pexels-photo-1639562.jpeg?w=800,https://images.unsplash.com/photo-1607623814075-e51df1bdc82f?w=800,https://images.unsplash.com/photo-1595777216528-071e0127ccf4?w=800,32.99,10,31.34,5,20,29.69,10,35,28.04,15
SAUSAGES,,M802240,Burns City Premium Sliced Sausage – Scotland Only,Burns,Scottish,Premium,,,Sliced Sausage,,Sliced,,2Kg,6,Per Pack,Frozen,No,No,https://images.unsplash.com/photo-1529692236671-f1f6cf9683ba?w=800,https://images.pexels.com/photos/1639562/pexels-photo-1639562.jpeg?w=800,https://images.unsplash.com/photo-1607623814075-e51df1bdc82f?w=800,https://images.unsplash.com/photo-1595777216528-071e0127ccf4?w=800,19.99,5,18.99,5,10,17.99,10,20,16.99,15
SAUSAGES,,M149857,Blakemans Pigs in Blankets,Blakemans,,Standard,,,Pigs in Blankets,,,1kg,10,Per Pack,Frozen,No,No,https://images.unsplash.com/photo-1529692236671-f1f6cf9683ba?w=800,https://images.pexels.com/photos/1639562/pexels-photo-1639562.jpeg?w=800,https://images.unsplash.com/photo-1607623814075-e51df1bdc82f?w=800,https://images.unsplash.com/photo-1595777216528-071e0127ccf4?w=800,42.99,10,40.84,5,20,38.69,10,35,36.54,15
SAUSAGES,,M232446,Blackgate Pork Sausage meat,Blackgate,,Premium,,,Pork Sausage Meat,,,1kg,4,Per Pack,Chill,No,No,https://images.unsplash.com/photo-1529692236671-f1f6cf9683ba?w=800,https://images.pexels.com/photos/1639562/pexels-photo-1639562.jpeg?w=800,https://images.unsplash.com/photo-1607623814075-e51df1bdc82f?w=800,https://images.unsplash.com/photo-1595777216528-071e0127ccf4?w=800,14.99,5,14.24,5,10,13.49,10,20,12.74,15
SAUSAGES,,M156524,Westaway Honey Roast Sausage meat,Westaway,,Standard,,,Honey Roast Sausage Meat,,,1kg,4,Per Pack,Chill,No,No,https://images.unsplash.com/photo-1529692236671-f1f6cf9683ba?w=800,https://images.pexels.com/photos/1639562/pexels-photo-1639562.jpeg?w=800,https://images.unsplash.com/photo-1607623814075-e51df1bdc82f?w=800,https://images.unsplash.com/photo-1595777216528-071e0127ccf4?w=800,11.99,5,11.39,5,10,10.79,10,20,10.19,15
SAUSAGES,,M941390,Blakemans - Lincolnshire Sausage meat,Blakemans,,Standard,,,Lincolnshire Sausage Meat,,,2.27kg,5,Per Pack,Chill,No,No,https://images.unsplash.com/photo-1529692236671-f1f6cf9683ba?w=800,https://images.pexels.com/photos/1639562/pexels-photo-1639562.jpeg?w=800,https://images.unsplash.com/photo-1607623814075-e51df1bdc82f?w=800,https://images.unsplash.com/photo-1595777216528-071e0127ccf4?w=800,18.99,5,18.04,5,10,17.09,10,20,16.14,15
SAUSAGES,,M481614,Blakemans Pork Sausage meat,Blakemans,,Standard,,,Pork Sausage Meat,,,2.27kg,5,Per Pack,Frozen,No,No,https://images.unsplash.com/photo-1529692236671-f1f6cf9683ba?w=800,https://images.pexels.com/photos/1639562/pexels-photo-1639562.jpeg?w=800,https://images.unsplash.com/photo-1607623814075-e51df1bdc82f?w=800,https://images.unsplash.com/photo-1595777216528-071e0127ccf4?w=800,16.99,5,16.14,5,10,15.29,10,20,14.44,15
SAUSAGES,,M297688,Blakemans Stuffing Balls,Blakemans,,Standard,,,Stuffing Ball,,,10x1Kg,5,Per Pack,Frozen,No,No,https://images.unsplash.com/photo-1529692236671-f1f6cf9683ba?w=800,https://images.pexels.com/photos/1639562/pexels-photo-1639562.jpeg?w=800,https://images.unsplash.com/photo-1607623814075-e51df1bdc82f?w=800,https://images.unsplash.com/photo-1595777216528-071e0127ccf4?w=800,38.99,10,37.04,5,20,35.09,10,35,33.14,15
SAUSAGES,,M297357,Blackgate Pigs In Blankets,Blackgate,,Premium,,,Pigs In Blankets,,,4x906g,-,Per Pack,Chill,No,No,https://images.unsplash.com/photo-1529692236671-f1f6cf9683ba?w=800,https://images.pexels.com/photos/1639562/pexels-photo-1639562.jpeg?w=800,https://images.unsplash.com/photo-1607623814075-e51df1bdc82f?w=800,https://images.unsplash.com/photo-1595777216528-071e0127ccf4?w=800,42.99,5,40.84,5,10,38.69,10,15,36.54,15
SAUSAGES,,M296227,Finnebrogue Jumbo Premium Pork Sausages (10 per pack),Finnebrogue,,Premium,,,Jumbo Premium Pork Sausage,,,4x1.2kg,-,Per Pack,Chill,No,No,https://images.unsplash.com/photo-1529692236671-f1f6cf9683ba?w=800,https://images.pexels.com/photos/1639562/pexels-photo-1639562.jpeg?w=800,https://images.unsplash.com/photo-1607623814075-e51df1bdc82f?w=800,https://images.unsplash.com/photo-1595777216528-071e0127ccf4?w=800,36.99,5,35.14,5,10,33.29,10,15,31.44,15
SAUSAGES,,M296225,Finnebrogue Breakfast Pork Patties (8 per pack),Finnebrogue,,Standard,,,Breakfast Pork Patty,,,4x640g,-,Per Pack,Chill,No,No,https://images.unsplash.com/photo-1529692236671-f1f6cf9683ba?w=800,https://images.pexels.com/photos/1639562/pexels-photo-1639562.jpeg?w=800,https://images.unsplash.com/photo-1607623814075-e51df1bdc82f?w=800,https://images.unsplash.com/photo-1595777216528-071e0127ccf4?w=800,24.99,5,23.74,5,10,22.49,10,15,21.24,15
ADDED VALUE,Cooked,M068779,Ribworld Cooked BBQ Pork Loins Rib,Ribworld,,Standard,,,Cooked BBQ Pork Loin Rib,,Cooked BBQ,,500g,10,Per Pack,Chill,No,No,https://images.unsplash.com/photo-1607623814075-e51df1bdc82f?w=800,https://images.pexels.com/photos/1639562/pexels-photo-1639562.jpeg?w=800,https://images.unsplash.com/photo-1544025162-d76694265947?w=800,https://images.unsplash.com/photo-1595777216528-071e0127ccf4?w=800,24.99,10,23.74,5,20,22.49,10,35,21.24,15
ADDED VALUE,Cooked,M286632,Cookit BBQ Pork Ribs,Cookit,,Standard,,,BBQ Pork Ribs,,Cooked BBQ,,450g,12,Per Pack,Chill,No,No,https://images.unsplash.com/photo-1607623814075-e51df1bdc82f?w=800,https://images.pexels.com/photos/1639562/pexels-photo-1639562.jpeg?w=800,https://images.unsplash.com/photo-1544025162-d76694265947?w=800,https://images.unsplash.com/photo-1595777216528-071e0127ccf4?w=800,32.99,10,31.34,5,20,29.69,10,35,28.04,15
ADDED VALUE,Cooked,M284044,Quick Chef Minted Lamb Shanks,Quick Chef,,Standard,,,Minted Lamb Shank,,Cooked,,6x430g,1,Per Pack,Ambient,No,No,https://images.unsplash.com/photo-1607623814075-e51df1bdc82f?w=800,https://images.pexels.com/photos/1639562/pexels-photo-1639562.jpeg?w=800,https://images.unsplash.com/photo-1544025162-d76694265947?w=800,https://images.unsplash.com/photo-1595777216528-071e0127ccf4?w=800,28.99,5,27.54,5,10,26.09,10,15,24.64,15
ADDED VALUE,Cooked,M248762,Chef's Larder Cooked Lamb Shanks in Red Wine Gravy,Chef's Larder,,Standard,,,Cooked Lamb Shank in Red Wine Gravy,,Cooked,,2.85kg,1,Per Pack,Ambient,No,No,https://images.unsplash.com/photo-1607623814075-e51df1bdc82f?w=800,https://images.pexels.com/photos/1639562/pexels-photo-1639562.jpeg?w=800,https://images.unsplash.com/photo-1544025162-d76694265947?w=800,https://images.unsplash.com/photo-1595777216528-071e0127ccf4?w=800,32.99,5,31.34,5,10,29.69,10,15,28.04,15
ADDED VALUE,Cooked,M248967,Chef's Larder Cooked Lamb Shanks in Mint Gravy,Chef's Larder,,Standard,,,Cooked Lamb Shank in Mint Gravy,,Cooked,,2.85kg,1,Per Pack,Ambient,No,No,https://images.unsplash.com/photo-1607623814075-e51df1bdc82f?w=800,https://images.pexels.com/photos/1639562/pexels-photo-1639562.jpeg?w=800,https://images.unsplash.com/photo-1544025162-d76694265947?w=800,https://images.unsplash.com/photo-1595777216528-071e0127ccf4?w=800,32.99,5,31.34,5,10,29.69,10,15,28.04,15
ADDED VALUE,Cooked,M249017,Chef's Larder American Style BBQ Pulled Pork,Chef's Larder,,Standard,,,American Style BBQ Pulled Pork,,Cooked BBQ,,2.52kg,1,Per Pack,Ambient,No,No,https://images.unsplash.com/photo-1607623814075-e51df1bdc82f?w=800,https://images.pexels.com/photos/1639562/pexels-photo-1639562.jpeg?w=800,https://images.unsplash.com/photo-1544025162-d76694265947?w=800,https://images.unsplash.com/photo-1595777216528-071e0127ccf4?w=800,29.99,5,28.49,5,10,26.99,10,15,25.49,15
ADDED VALUE,Black Pudding,M074029,Bury Black Pudding Stick – Scotland Exempt,Bury,English,Standard,,,Black Pudding Stick,,,1.36kg,4,Per Pack,Chill,No,No,https://images.unsplash.com/photo-1607623814075-e51df1bdc82f?w=800,https://images.pexels.com/photos/1639562/pexels-photo-1639562.jpeg?w=800,https://images.unsplash.com/photo-1544025162-d76694265947?w=800,https://images.unsplash.com/photo-1595777216528-071e0127ccf4?w=800,12.99,5,12.34,5,10,11.69,10,20,11.04,15
ADDED VALUE,Black Pudding,M074027,Bury Black Pudding Slices –Scotland Exempt,Bury,English,Standard,,,Black Pudding Slice,,Sliced,,230g,8,Per Pack,Chill,No,No,https://images.unsplash.com/photo-1607623814075-e51df1bdc82f?w=800,https://images.pexels.com/photos/1639562/pexels-photo-1639562.jpeg?w=800,https://images.unsplash.com/photo-1544025162-d76694265947?w=800,https://images.unsplash.com/photo-1595777216528-071e0127ccf4?w=800,22.99,10,21.84,5,20,20.69,10,35,19.54,15
ADDED VALUE,Black Pudding,M140274,MacSween Black Pudding,MacSween,Scottish,Standard,,,Black Pudding,,,1.36kg,4,Per Pack,Chill,No,No,https://images.unsplash.com/photo-1607623814075-e51df1bdc82f?w=800,https://images.pexels.com/photos/1639562/pexels-photo-1639562.jpeg?w=800,https://images.unsplash.com/photo-1544025162-d76694265947?w=800,https://images.unsplash.com/photo-1595777216528-071e0127ccf4?w=800,13.99,5,13.29,5,10,12.59,10,20,11.89,15
ADDED VALUE,Black Pudding,M240139,Stornoway Black Pudding Stick – Scotland Only,Stornoway,Scottish,Premium,,,Black Pudding Stick,,,1.3kg,20,Per Pack,N/A,No,No,https://images.unsplash.com/photo-1607623814075-e51df1bdc82f?w=800,https://images.pexels.com/photos/1639562/pexels-photo-1639562.jpeg?w=800,https://images.unsplash.com/photo-1544025162-d76694265947?w=800,https://images.unsplash.com/photo-1595777216528-071e0127ccf4?w=800,64.99,20,61.74,5,35,58.49,10,50,55.24,15
ADDED VALUE,Black Pudding,M677625,McKechnie Jess Black Pudding Sticks – Scotland Only,McKechnie Jess,Scottish,Standard,,,Black Pudding Stick,,,1.362kg,10,Per Pack,Chill,No,No,https://images.unsplash.com/photo-1607623814075-e51df1bdc82f?w=800,https://images.pexels.com/photos/1639562/pexels-photo-1639562.jpeg?w=800,https://images.unsplash.com/photo-1544025162-d76694265947?w=800,https://images.unsplash.com/photo-1595777216528-071e0127ccf4?w=800,32.99,10,31.34,5,20,29.69,10,35,28.04,15
ADDED VALUE,Black Pudding,M099674,Dark Island Black Pudding Slices,Dark Island,,Standard,,,Black Pudding Slice,,Sliced,,2.1g,1,Per Pack,Frozen,No,No,https://images.unsplash.com/photo-1607623814075-e51df1bdc82f?w=800,https://images.pexels.com/photos/1639562/pexels-photo-1639562.jpeg?w=800,https://images.unsplash.com/photo-1544025162-d76694265947?w=800,https://images.unsplash.com/photo-1595777216528-071e0127ccf4?w=800,12.99,5,12.34,5,10,11.69,10,15,11.04,15
ADDED VALUE,Haggis,M675652,Mckechnie Jess Haggis – Scotland Only,Mckechnie Jess,Scottish,Standard,,,Haggis,,,1.362kg,10,Per Pack,Chill,No,No,https://images.unsplash.com/photo-1607623814075-e51df1bdc82f?w=800,https://images.pexels.com/photos/1639562/pexels-photo-1639562.jpeg?w=800,https://images.unsplash.com/photo-1544025162-d76694265947?w=800,https://images.unsplash.com/photo-1595777216528-071e0127ccf4?w=800,32.99,10,31.34,5,20,29.69,10,35,28.04,15
ADDED VALUE,Haggis,M820850,Mckechnie Jess Haggis – Scotland Only,Mckechnie Jess,Scottish,Standard,,,Haggis,,,30x454g,10,Per Pack,Chill,No,No,https://images.unsplash.com/photo-1607623814075-e51df1bdc82f?w=800,https://images.pexels.com/photos/1639562/pexels-photo-1639562.jpeg?w=800,https://images.unsplash.com/photo-1544025162-d76694265947?w=800,https://images.unsplash.com/photo-1595777216528-071e0127ccf4?w=800,96.99,10,92.14,5,20,87.29,10,35,82.44,15
ADDED VALUE,Haggis,M140276,MacSween Traditional Haggis Stick,MacSween,Scottish,Standard,,,Traditional Haggis Stick,,,1.36kg,4,Per Pack,Chill,No,No,https://images.unsplash.com/photo-1607623814075-e51df1bdc82f?w=800,https://images.pexels.com/photos/1639562/pexels-photo-1639562.jpeg?w=800,https://images.unsplash.com/photo-1544025162-d76694265947?w=800,https://images.unsplash.com/photo-1595777216528-071e0127ccf4?w=800,13.99,5,13.29,5,10,12.59,10,20,11.89,15
ADDED VALUE,Haggis,M140302,MacSween Vegetarian Haggis Stick,MacSween,Scottish,Standard,,,Vegetarian Haggis Stick,,,Vegetarian,1.36kg,4,Per Pack,Chill,No,No,https://images.unsplash.com/photo-1607623814075-e51df1bdc82f?w=800,https://images.pexels.com/photos/1639562/pexels-photo-1639562.jpeg?w=800,https://images.unsplash.com/photo-1544025162-d76694265947?w=800,https://images.unsplash.com/photo-1595777216528-071e0127ccf4?w=800,12.99,5,12.34,5,10,11.69,10,20,11.04,15
ADDED VALUE,Haggis,M245542,MacSween Gluten Free Haggis Stick,MacSween,Scottish,Standard,,,Gluten Free Haggis Stick,,,Gluten Free,1.36kg,4,Per Pack,Chill,No,No,https://images.unsplash.com/photo-1607623814075-e51df1bdc82f?w=800,https://images.pexels.com/photos/1639562/pexels-photo-1639562.jpeg?w=800,https://images.unsplash.com/photo-1544025162-d76694265947?w=800,https://images.unsplash.com/photo-1595777216528-071e0127ccf4?w=800,14.99,5,14.24,5,10,13.49,10,20,12.74,15
ADDED VALUE,Kebabs,M263703,Classic Skin on Doner Kebab,,,Standard,,,Doner Kebab,,Skin On,Halal,20kg,1,Per Pack,Frozen,Yes,No,https://images.unsplash.com/photo-1607623814075-e51df1bdc82f?w=800,https://images.pexels.com/photos/1639562/pexels-photo-1639562.jpeg?w=800,https://images.unsplash.com/photo-1544025162-d76694265947?w=800,https://images.unsplash.com/photo-1595777216528-071e0127ccf4?w=800,84.99,3,80.74,5,5,76.49,10,8,72.24,15
ADDED VALUE,Kebabs,M263706,Classic Skin on Doner Kebab,,,Standard,,,Doner Kebab,,Skin On,Halal,10kg,1,Per Pack,Frozen,Yes,No,https://images.unsplash.com/photo-1607623814075-e51df1bdc82f?w=800,https://images.pexels.com/photos/1639562/pexels-photo-1639562.jpeg?w=800,https://images.unsplash.com/photo-1544025162-d76694265947?w=800,https://images.unsplash.com/photo-1595777216528-071e0127ccf4?w=800,48.99,3,46.54,5,5,44.09,10,8,41.64,15
ADDED VALUE,Kebabs,M263704,Anatolian Lamb/Chicken Kebab,Anatolian,,Standard,,,Lamb/Chicken Kebab,,,Halal,10kg,1,Per Pack,Frozen,Yes,No,https://images.unsplash.com/photo-1607623814075-e51df1bdc82f?w=800,https://images.pexels.com/photos/1639562/pexels-photo-1639562.jpeg?w=800,https://images.unsplash.com/photo-1544025162-d76694265947?w=800,https://images.unsplash.com/photo-1595777216528-071e0127ccf4?w=800,52.99,3,50.34,5,5,47.69,10,8,45.04,15
ADDED VALUE,Kebabs,M263705,Anatolian Lamb/Chicken Kebab,Anatolian,,Standard,,,Lamb/Chicken Kebab,,,Halal,20kg,1,Per Pack,Frozen,Yes,No,https://images.unsplash.com/photo-1607623814075-e51df1bdc82f?w=800,https://images.pexels.com/photos/1639562/pexels-photo-1639562.jpeg?w=800,https://images.unsplash.com/photo-1544025162-d76694265947?w=800,https://images.unsplash.com/photo-1595777216528-071e0127ccf4?w=800,94.99,3,90.24,5,5,85.49,10,8,80.74,15
ADDED VALUE,Kebabs,M289146,Turkish Best Lamb and Chicken Kebab,Turkish Best,,Standard,,,Lamb and Chicken Kebab,,,Halal,10kg,1,Per Pack,Frozen,Yes,No,https://images.unsplash.com/photo-1607623814075-e51df1bdc82f?w=800,https://images.pexels.com/photos/1639562/pexels-photo-1639562.jpeg?w=800,https://images.unsplash.com/photo-1544025162-d76694265947?w=800,https://images.unsplash.com/photo-1595777216528-071e0127ccf4?w=800,54.99,3,52.24,5,5,49.49,10,8,46.74,15
ADDED VALUE,Kebabs,M289147,Turkish Best Lamb and Chicken Kebab,Turkish Best,,Standard,,,Lamb and Chicken Kebab,,,Halal,20kg,1,Per Pack,Frozen,Yes,No,https://images.unsplash.com/photo-1607623814075-e51df1bdc82f?w=800,https://images.pexels.com/photos/1639562/pexels-photo-1639562.jpeg?w=800,https://images.unsplash.com/photo-1544025162-d76694265947?w=800,https://images.unsplash.com/photo-1595777216528-071e0127ccf4?w=800,96.99,3,92.14,5,5,87.29,10,8,82.44,15
EGGS & FATS,Fats,M289705,Hazelmere Free Range Goose Fat,Hazelmere,,Premium,,,Goose Fat,,Free Range,,220g,6,Per Pack,Chill,No,No,https://images.unsplash.com/photo-1582722872445-44dc5f7e3c8f?w=800,https://images.pexels.com/photos/162712/egg-white-food-protein-162712.jpeg?w=800,https://images.unsplash.com/photo-1606897079584-b37da4f86bf0?w=800,https://images.unsplash.com/photo-1568739868398-0ef1510232b9?w=800,18.99,5,18.04,5,10,17.09,10,20,16.14,15
EGGS & FATS,Fats,M289718,Hazelmere Goose Fat Blend,Hazelmere,,Standard,,,Goose Fat Blend,,,1kg,6,Per Pack,Chill,No,No,https://images.unsplash.com/photo-1582722872445-44dc5f7e3c8f?w=800,https://images.pexels.com/photos/162712/egg-white-food-protein-162712.jpeg?w=800,https://images.unsplash.com/photo-1606897079584-b37da4f86bf0?w=800,https://images.unsplash.com/photo-1568739868398-0ef1510232b9?w=800,28.99,5,27.54,5,10,26.09,10,20,24.64,15
EGGS & FATS,Fats,M277538,Gressingham Duck Fat,Gressingham,,Premium,,,Duck Fat,,,850g,6,Per Pack,Chill,No,No,https://images.unsplash.com/photo-1582722872445-44dc5f7e3c8f?w=800,https://images.pexels.com/photos/162712/egg-white-food-protein-162712.jpeg?w=800,https://images.unsplash.com/photo-1606897079584-b37da4f86bf0?w=800,https://images.unsplash.com/photo-1568739868398-0ef1510232b9?w=800,26.99,5,25.64,5,10,24.29,10,20,22.94,15
EGGS & FATS,Fats,M233823,Kettyle Bone Marrow Melt,Kettyle,,Premium,,,Bone Marrow Melt,,,200g,10,Per Pack,Chill,No,No,https://images.unsplash.com/photo-1582722872445-44dc5f7e3c8f?w=800,https://images.pexels.com/photos/162712/egg-white-food-protein-162712.jpeg?w=800,https://images.unsplash.com/photo-1606897079584-b37da4f86bf0?w=800,https://images.unsplash.com/photo-1568739868398-0ef1510232b9?w=800,42.99,10,40.84,5,20,38.69,10,35,36.54,15
EGGS & FATS,Eggs,M168772,Chefs Larder Medium Eggs - 5 dozen,Chef's Larder,,Standard,,,Medium Eggs,,,60,1,Per Pack,Ambient,No,No,https://images.unsplash.com/photo-1582722872445-44dc5f7e3c8f?w=800,https://images.pexels.com/photos/162712/egg-white-food-protein-162712.jpeg?w=800,https://images.unsplash.com/photo-1606897079584-b37da4f86bf0?w=800,https://images.unsplash.com/photo-1568739868398-0ef1510232b9?w=800,12.99,5,12.34,5,10,11.69,10,15,11.04,15
EGGS & FATS,Eggs,M168776,Chefs Larder Medium Eggs - 15 dozen,Chef's Larder,,Standard,,,Medium Eggs,,,180,1,Per Pack,Ambient,No,No,https://images.unsplash.com/photo-1582722872445-44dc5f7e3c8f?w=800,https://images.pexels.com/photos/162712/egg-white-food-protein-162712.jpeg?w=800,https://images.unsplash.com/photo-1606897079584-b37da4f86bf0?w=800,https://images.unsplash.com/photo-1568739868398-0ef1510232b9?w=800,32.99,5,31.34,5,10,29.69,10,15,28.04,15
EGGS & FATS,Eggs,M168770,Chefs Larder Large Eggs - 5 dozen,Chef's Larder,,Standard,,,Large Eggs,,,60s,1,Per Pack,Ambient,No,No,https://images.unsplash.com/photo-1582722872445-44dc5f7e3c8f?w=800,https://images.pexels.com/photos/162712/egg-white-food-protein-162712.jpeg?w=800,https://images.unsplash.com/photo-1606897079584-b37da4f86bf0?w=800,https://images.unsplash.com/photo-1568739868398-0ef1510232b9?w=800,14.99,5,14.24,5,10,13.49,10,15,12.74,15
EGGS & FATS,Eggs,M168775,Chefs Larder Large Eggs - 15 dozen,Chef's Larder,,Standard,,,Large Eggs,,,180,1,Per Pack,Ambient,No,No,https://images.unsplash.com/photo-1582722872445-44dc5f7e3c8f?w=800,https://images.pexels.com/photos/162712/egg-white-food-protein-162712.jpeg?w=800,https://images.unsplash.com/photo-1606897079584-b37da4f86bf0?w=800,https://images.unsplash.com/photo-1568739868398-0ef1510232b9?w=800,36.99,5,35.14,5,10,33.29,10,15,31.44,15
EGGS & FATS,Eggs,M168769,Chefs Larder Free Range Medium Eggs - 5 dozen,Chef's Larder,,Standard,,,Free Range Medium Eggs,,Free Range,,60s,1,Per Pack,Ambient,No,No,https://images.unsplash.com/photo-1582722872445-44dc5f7e3c8f?w=800,https://images.pexels.com/photos/162712/egg-white-food-protein-162712.jpeg?w=800,https://images.unsplash.com/photo-1606897079584-b37da4f86bf0?w=800,https://images.unsplash.com/photo-1568739868398-0ef1510232b9?w=800,16.99,5,16.14,5,10,15.29,10,15,14.44,15
EGGS & FATS,Eggs,M156538,Liquid Egg Yolk,,,,,,Liquid Egg Yolk,,Liquid,,1kg,6,Per Pack,Chill,No,No,https://images.unsplash.com/photo-1582722872445-44dc5f7e3c8f?w=800,https://images.pexels.com/photos/162712/egg-white-food-protein-162712.jpeg?w=800,https://images.unsplash.com/photo-1606897079584-b37da4f86bf0?w=800,https://images.unsplash.com/photo-1568739868398-0ef1510232b9?w=800,18.99,5,18.04,5,10,17.09,10,20,16.14,15
EGGS & FATS,Eggs,M156543,Liquid Whole Eggs,,,,,,Liquid Whole Eggs,,Liquid,,1kg,6,Per Pack,Chill,No,No,https://images.unsplash.com/photo-1582722872445-44dc5f7e3c8f?w=800,https://images.pexels.com/photos/162712/egg-white-food-protein-162712.jpeg?w=800,https://images.unsplash.com/photo-1606897079584-b37da4f86bf0?w=800,https://images.unsplash.com/photo-1568739868398-0ef1510232b9?w=800,16.99,5,16.14,5,10,15.29,10,20,14.44,15
EGGS & FATS,Eggs,M156545,Liquid Egg White,,,,,,Liquid Egg White,,Liquid,,1kg,6,Per Pack,Chill,No,No,https://images.unsplash.com/photo-1582722872445-44dc5f7e3c8f?w=800,https://images.pexels.com/photos/162712/egg-white-food-protein-162712.jpeg?w=800,https://images.unsplash.com/photo-1606897079584-b37da4f86bf0?w=800,https://images.unsplash.com/photo-1568739868398-0ef1510232b9?w=800,14.99,5,14.24,5,10,13.49,10,20,12.74,15
FISH,,M292226,Chef's Essentials Salmon Fillets,Chef's Essentials,,Standard,,,Salmon Fillet,,,1kg,4,Per Pack,Fresh,No,No,https://images.unsplash.com/photo-1580959375944-1ab5bbc37010?w=800,https://images.pexels.com/photos/1059943/pexels-photo-1059943.jpeg?w=800,https://images.unsplash.com/photo-1485963631004-f2f00b1d6606?w=800,https://images.unsplash.com/photo-1599084993091-1cb5c0721cc6?w=800,24.99,5,23.74,5,10,22.49,10,20,21.24,15
FISH,,M235642,Haddock Angel Fillets - Scotland only,,Scottish,Standard,,,Haddock Angel Fillet,,,1kg,4,Per Pack,Fresh,No,No,https://images.unsplash.com/photo-1580959375944-1ab5bbc37010?w=800,https://images.pexels.com/photos/1059943/pexels-photo-1059943.jpeg?w=800,https://images.unsplash.com/photo-1485963631004-f2f00b1d6606?w=800,https://images.unsplash.com/photo-1599084993091-1cb5c0721cc6?w=800,18.99,5,18.04,5,10,17.09,10,20,16.14,15
FISH,,M260464,Seabass Fillets,,,,,,Seabass Fillet,,,420g,4,Per Pack,Fresh,No,No,https://images.unsplash.com/photo-1580959375944-1ab5bbc37010?w=800,https://images.pexels.com/photos/1059943/pexels-photo-1059943.jpeg?w=800,https://images.unsplash.com/photo-1485963631004-f2f00b1d6606?w=800,https://images.unsplash.com/photo-1599084993091-1cb5c0721cc6?w=800,14.99,5,14.24,5,10,13.49,10,20,12.74,15
FISH,,M260461,Seabream Fillets,,,,,,Seabream Fillet,,,420g,1,Per Pack,Fresh,No,No,https://images.unsplash.com/photo-1580959375944-1ab5bbc37010?w=800,https://images.pexels.com/photos/1059943/pexels-photo-1059943.jpeg?w=800,https://images.unsplash.com/photo-1485963631004-f2f00b1d6606?w=800,https://images.unsplash.com/photo-1599084993091-1cb5c0721cc6?w=800,13.99,5,13.29,5,10,12.59,10,15,11.89,15
FISH,,M260085,Salmon Portions,,,,,,Salmon Portion,,,1kg,4,Per Pack,Fresh,No,No,https://images.unsplash.com/photo-1580959375944-1ab5bbc37010?w=800,https://images.pexels.com/photos/1059943/pexels-photo-1059943.jpeg?w=800,https://images.unsplash.com/photo-1485963631004-f2f00b1d6606?w=800,https://images.unsplash.com/photo-1599084993091-1cb5c0721cc6?w=800,22.99,5,21.84,5,10,20.69,10,20,19.54,15
FISH,,M260095,Fish Pie Mix,,,,,,Fish Pie Mix,,,1kg,4,Per Pack,Fresh,No,No,https://images.unsplash.com/photo-1580959375944-1ab5bbc37010?w=800,https://images.pexels.com/photos/1059943/pexels-photo-1059943.jpeg?w=800,https://images.unsplash.com/photo-1485963631004-f2f00b1d6606?w=800,https://images.unsplash.com/photo-1599084993091-1cb5c0721cc6?w=800,16.99,5,16.14,5,10,15.29,10,20,14.44,15
